,Unnamed: 0,text,label,lang
0,276,@user woke nigger,1,en
1,1101,@user @user @user @user twat.,1,en
2,1027,shut nigger @url,1,en
3,1684,like .... remember nothing us retarded ,0,en
4,892,brexit..... cunt tricking us come back strap vests probably kids blow us up. f @url,1,en
5,275,neophyte nigger: nonsupervisory yet roving,1,en
6,182,@user yeah dodge wager course shitter gig retard go get bruises dad,1,en
7,452,fuck orange twat @url,0,en
8,1615,@user @user non-response lmao. obviously tweet retarded talking spencer hypocritical?,1,en
9,1863,@user @user oui je ne comprends pas pourquoi ceux qui veulent accueillir les migrants n'en prennent pas @url,0,en
10,962,@user tell twat thinks f*** off. think series great gain lot game watching,1,en
11,1385,fuck that. feminazis outraged ...bring say! @url,1,en
12,59,@user @user yeap....spic wet.,1,en
13,1517,would really love hear good reason illegal immigrants given government assistance. #government #assistance,0,en
14,642,bitch cunt ever date someone talks like that.,1,en
15,1907,@user @user never proven x hit women talent iggy azeala raps like mongoloid @url,1,en
16,241,@user i'd assume entire mongol horde back up. probably nothing.,0,en
17,438,sign true calling cutting grass spic lmao  @url,1,en
18,966,think need personal page ig much ratchet retarded shit can't post ,0,en
19,1270,jamie oliver twat jamie oliver twat jamie oliver twat jamie oliver twat jamie oliver twat @url,1,en
20,852,@user cunt.,0,en
21,359,@user @user @user well say wants immigrants blue eyes call us shithole countr @url,0,en
22,1232,@user luke retarded rotations well. kept josh long time. played zo play stretch.,0,en
23,1195,imagine given birth nigger @url,1,en
24,6,@user cunt embarrassment club,1,en
25,972,#newprofilepic ching chong 100 @url,0,en
26,1722,ashley young manchester united's captain i'm chinaman,1,en
27,1115,guys @user lecturing us acute body types skull shapes....mongoloid?!?!? like shut f bro!!!,1,en
28,1701,@user part script? wants feminazi there! going march dc thursday w/ @url,1,en
29,673,@user wait second ching chong,1,en
30,560,seems odd good ol @user would go nears radical leftist 1995 given fact ayers @url,0,en
31,228,@user diversity general eurafrica particular (((the economist's))) greatest strength,0,en
32,1261,yes one want america turned shithole country. ni saw ms13 guy's caravan. @url,1,en
33,129,@user @user spic polach,1,en
34,1202,get aids test thompson cus' wife's dude faggot! - mr. garrison #southpark,1,en
35,1366,females literally retarded feel good one shit gets annoying,0,en
36,1688,@user let keep look like retard lmao,1,en
37,1138,@user shausha mongol,1,en
38,1920,@user &gt;:^000000 u also speaking ching chong,1,en
39,1595,@user @user he's progressive/neo-marxist. radical leftist wants open borders &amp; mass-migratio @url,1,en
40,236,old guy bangs young twat @url,1,en
41,1272,lmfao like dude y'all network.  man retarded @url,0,en
42,1904,done punched bitch face callin esco spic n dont even play race card,0,en
43,814,radical leftist @user contributor calls @user terrorist sympathizer! he's @user sympathize @url,0,en
44,1767,happy birthday talented mongol!! wish best miss u yie tc gbua  @user,0,en
45,1234,@user canadian model allows ngos groups private individuals sponsor refugees federal intake.,1,en
46,930,@user @user nobody likes ching chong group,1,en
47,809,@user matt dad judge...you privileged twat.,1,en
48,877,@user @user floppy eared dog girls like oh ears falling gay retarded cancer dog,1,en
49,487,yu white nigger,1,en
50,628,christians retarded @url,0,en
51,1521,@user think take sampling huffpo vox feminazi commenters claim holding door @url,1,en
52,1648,said ching chong cafe yesterday i'm allowed back there.,1,en
53,846,touch scarf! that's paul smith twat!,1,en
54,1365,@user @user shut ching chong go back making cotton &gt;:(,1,en
55,1019,pollon negro,0,en
56,1655,@user french retard,0,en
57,1881,@user yt men created africa theory. marcus garvey agent. funded schooled yt called jews,0,en
58,692,tana mongoloid headline @user im going,0,en
59,1721,gavin newsom wants give illegal aliens free healthcare.,1,en
60,1020,@user #twt2018 lgbtq people seeking asylum uk told go back country - pretend @url,1,en
61,820,fucking horrible cunt. @url,1,en
62,521,@user retard? jeez!!,1,en
63,1086,they're retarded hedonists. next! @url,0,en
64,1694,somebody take nigger phone away @url,1,en
65,952,@user @user shut fuck stupid bitch ass retard,1,en
66,226,@user u take aggression lady behind me? giant twat,1,en
67,1357,megyn _who cares lew says_ain't even real raghead but_ @url,0,en
68,1782,give #refugees ______ give better life! @url,0,en
69,1900,@user longer united states. trumpistan. shithole country. nov 6 later.... women @url,1,en
70,959,@user coming thru ,0,en
71,1113,could go one #shithole countries right?nyeah alabama. rikers middle fina @url,0,en
72,119,another false flag attack antifa leftist mobnnno one could expected man pictures @url,0,en
73,1345,think hoes really retarded man,1,en
74,1788,y'all started drinking yet y'all faggot ass unicorn fairy's ?,0,en
75,1373,@user daft bint.nnlike ardent leftists she'll suck anything matter much violates loft @url,1,en
76,522,@user fucking raghead cunts,1,en
77,1131,goal today get house spic n span,0,en
78,1397,give invaders rifles ammo free (drop-shipped directly shithole countries course) @url,0,en
79,736,i'm good faggot,1,en
80,675,what's known #pittsburghshooting guy absolute racist twat deserve air @url,1,en
81,860,@user @user suspicious bombs would make sense false flag @url,0,en
82,1826,@user go work negro!,1,en
83,1153,tf at????? side note dyke dumb thick  @url,1,en
84,1704,free? why? _ another retarded question @url,1,en
85,603,patronised faggot i'll smoke u like weed,1,en
86,424,lefty twat would @url,1,en
87,1309,@user another great point!nnanytime person leftist terrorist ties law enforcement @url,0,en
88,715,intellectual terrorism,0,en
89,1710,@user ...what... negro @url,1,en
90,775,@user &gt;stella outta cannyou mongoloid,1,en
91,1103,found rocket league stop ball hungry retard ty,1,en
92,213,keelah lil drunk ass retarded ,0,en
93,1399,faggot @url,0,en
94,998,alicen emily &amp; real life retarded  swear funny,1,en
95,75,@user @user pretty much hes little dick faggot needs ass beat reality check ain't shit,1,en
96,1566,@user well yeah faggot,1,en
97,389,target jews media? bankers? zog?nthis faggot probably killed stabucks barista jew accomplished zero,1,en
98,1581,@user @user included basic good grammar retard,1,en
99,296,@user chinaman wetback? looks like combo me.,1,en
100,484,i'm fucking retarded,1,en
101,1498,shocked wife called lazy twat walmart yesterday almost fell motorized scooter,0,en
102,1073,sarah silverman gone full retard'n @url,1,en
103,45,sheck wes nigger,1,en
104,1311,@user @user @user @user blocked retard reported account hateful @url,1,en
105,1178,okay white @url,0,en
106,381,@user thats get eating pickles nigger,0,en
107,256,@user decided race indians carry caucasoid australoid mongoloid races intermedi @url,1,en
108,1765,elephants eat 50 pounds day retard _ ohhh okay @url,1,en
109,1666,dip regular lays onion dip full retard. get ruffles bitch. class.,0,en
110,724,banter codeword cunt.,1,en
111,571,lmaooo one kefe says look like cunt i'm gonna lose shit swear hahahahahaha. @url,0,en
112,1747,damn got called nigger today,0,en
113,686,alyssa anderson spic,1,en
114,352,@user ill dress black face chinaman savage injun whatever want to! america horseface!,0,en
115,1007,read cant read ching chong two eyes @url,0,en
116,1671,retarded dad daughter framed prosecutor whose child accidentally killed cold winter @url,1,en
117,1390,reed is... (heavy old negro gospel sigh),0,en
118,532,people insane. mohammed! lol. nworld's gone nuts shithole countries need nuked! @url,1,en
119,1585,@user reading article end i'm troubled choice let twat on. lord @url,0,en
120,1854,country's honest-to-god shithole. fuck irrelevant foreigner. former leader murder capital th @url,1,en
121,665,white people nigger got that?,1,en
122,593,@user @user yeah used call friends gay retarded time. i'm piece shit ,1,en
123,929,@user man hater feminazi,1,en
124,562,@user buncha people shithole countries coming bring economy free healthcare. @url,1,en
125,1618,@user nyc shithole country god quickly destroyed wheat rudy build shameless,1,en
126,819,@user guess i'm retarded,1,en
127,640,@user true. christians may retarded cousins still family nevertheless.,1,en
128,1784,kevin gates president way retarded,1,en
129,323,@user love you!!! huhuhu miss u ching chong,0,en
130,1182,i'll spit dyke ass get beat bitch @user,1,en
131,1170,faggot ass bitch.,1,en
132,1463,might new #demographics #democrats #immigrants adverse gut @url,0,en
133,1751,faggot bus driver driving like 10mph wtf,1,en
134,808,@user spic,0,en
135,1918,found 10 envelopes say ching chong,1,en
136,98,like remember iconic nigger tweet,1,en
137,1059,talking fact got 2018 retard iq 149 parents check sanity b @url,1,en
138,1856,bunch frat boy looking guys walked loud obnoxious taking selfies making retarded jokes im fucking wilting lol,0,en
139,506,disruptive thing bitcoin retarded shit bitcointalk.,1,en
140,974,dirty jew,1,en
141,920,illegal aliens voting elections @url,1,en
142,1903,count californians pretty retarded. @url,1,en
143,1475,can't believe americans voted retard lead country!,1,en
144,1145,@user put nigger @url,1,en
145,1436,@user little ching chong boy putting jailbreak title stretching video 10 minutes extra ad revenue,1,en
146,605,@user big sleepy twat ,1,en
147,746,want bit belly y'all argue end calling fat cunt. @url,1,en
148,1431,niggaz wanna strip bone fa shit chu / hate nigga like that...faggot get cha #luckyme,0,en
149,191,@user @user ...... calling faggot clapping cheeks nigga,1,en
150,334,@user shame absolute faggot,1,en
151,549,@user @user tranquilo pe mongol ctmre.,1,en
152,505,@user @user looks like mongol turkish sister's widding. son atagaymal erdogan. lol,0,en
153,1425,african migrants crossing mediterranean head spain italys blockade @url via @user,0,en
154,1716,niggas retarded,1,en
155,1786,getting called faggot walk home. @url,1,en
156,881,@user @user trump jr ends jail hunted instead defenseless animals africa.,1,en
157,1509,nah dyke @url,1,en
158,685,@user what's disgusting per usual 90% males age. fight shithole countries shit holes.,1,en
159,1496,4 shots julio later feel retarded,0,en
160,1587,bring disease ruin walls eat foods without giving shit you. fuck care. @url,0,en
161,1453,brain morning: potato potato ching chong tomato,1,en
162,207,@user @user sad cunt,1,en
163,1278,bjp govt brought nrc identified 40 lakh illegal immigrants: amit shah @url,0,en
164,1421,filipinos bad things inggit....uh!!! crazy mongoloid abnormal....nwhy touch (thief) @url,1,en
165,1133,also joo - saying (it's okay white) promotes --&gt;white&lt;-- supremacy.,1,en
166,1021,swear whenever go class vandy see black people theyre thinking nigger here??,1,en
167,1687,worst thing trump supporter say isni'm faggotni'm spicni'm niggernthen i'm proud @url,0,en
168,148,cannot believe i'm sluttyjock wrote sharing teamviewer password. really faggot? haha. pr @url,1,en
169,1032,@user @user @user @user ya'll even mexican spain crying loud,0,en
170,1789,@user share wealth - history - wealthy pissing well - bring disease destruction!!!,1,en
171,354,@user bra crush girl named london crush another kid (he's retard) lol @url,1,en
172,200,literally heard co worker cuss boyfriend phone calling retard fat fuck like tak @url,1,en
173,494,@user @user retard special ed class floyd @url,1,en
174,1821,@user games till faggot,1,en
175,1626,@user @user @user @user @user @user @user @user thank,0,en
176,1379,: must retarded think we're fuckingnnme : @url,1,en
177,1207,@user better example black person calling spanish people spic and/or wetback.,1,en
178,1124,retarded make past brain censors,1,en
179,1022,yep writing clearly wall. people come shithole countries shithole attitudes polici @url,1,en
180,1777,savannah ga ... catching charges since 13 negro.,0,en
181,637,old outdated say retarded gop mentality paranoid ideas brainwashed citizens americans visce @url,1,en
182,1166,@user says homo orders chilli chicken wraps goes costa. thats gay get faggot,1,en
183,407,pretty sure r iphone xr stands retarded,1,en
184,1349,dad: ching chon wong wong ching chong chong,1,en
185,1497,u wanna go u fucking cunt,1,en
186,245,fuck would raghead know british?nnsadiq khan claims there's 'nothing british' trustin @url,1,en
187,1062,@user tell called spic,1,en
188,1643,spic y'all.....the first time heard 13 like umm what? say speak? lol som @url,1,en
189,1481,@user @user think there's 1 leftist terrorist.nyou're data scientists better.,1,en
190,408,fuck zombie apocalypse never gonna happen! ni'm worried 'thick cunt' apocalypse already upon us!,1,en
191,1808,lmfao.. somebody get negro seat. @url,0,en
192,1934,hyaaaa *trembles ching chong* @url,0,en
193,1361,someone get faggot @url,1,en
194,670,maybe jennie anti hacker wouldnt fat bitter cunt @url,1,en
195,390,@user ninjashyper aka toxic man says dont like seeing ching chong bing bong chat,1,en
196,1045,@user anti-gay retard. ,1,en
197,145,joyeux anniversaire en retard league legends !,0,en
198,1169,@user brother law used horrendous toh told stop tight twat ,1,en
199,39,@user literally mudslinging retard,1,en
200,943,@user oh hell no! i'm saving dollars help build wall protect us rapey killer illegal aliens!,1,en
201,312,@user support sanctuary cities criminal illegal aliens credibility governor ameri @url,1,en
202,1286,swear forgot halloween weekend. i'm car like everyone dressed retarded af. lmaoooo blew shit completely.,1,en
203,893,banter = cunt. @url,0,en
204,907,@user like clockwork white liberals applaud diplomatic magic negro. patience @url,1,en
205,349,breaking news: dyke drought increases rapidly day goes suspicious entity read @url,1,en
206,392,flacco sounds like fucking mongoloid going snap count,1,en
207,493,okay white chocolate chip,1,en
208,385,cannot understand usa let dangerous leftist soros sit everyone knows behind @url,0,en
209,1500,@user @user oh hell.. wish treated kavanaugh way treat illegal aliens...,1,en
210,96,went passed fancy dress shop southside n there's actual fucking bouncers outside ya cunt imagine kb'd @url,0,en
211,1031,regret beat shit feminazi's. well looks like #alisonhrabar @url,1,en
212,701,best dj black negro tenia que ser @url,0,en
213,165,@user disgrace wants trash us make another shithole country.... @url,1,en
214,1168,terrorist week still: right-wing. white-guy. ever was.nnso take restaurant whining leftist mob @url,1,en
215,765,@user stick twat dad responsible violence promotes phony 1st daughter eat bowl dicks.,1,en
216,1591,@user @user mongoloid scammer what's lmfao,1,en
217,1783,...anti-semitism betokens retarded culturen- frederick engels 1890,1,en
218,196,=d =d =d =d =dni want bloke site (the chinaman)!!! lol =d =d =d @url,0,en
219,123,got banned called desiinger retard,1,en
220,1889,need cool cowhide coat extraordinary event dwayne johnson baywatch lifeguard jacket spic @url,0,en
221,1211,look face. rich happy. white trump's racist shithole country. that's @url,0,en
222,1484,@user well cry retard,0,en
223,1845,beauty living shithole country. live post office broken device would never del @url,1,en
224,731,yall see new papa johns commercial tryna make forgot founder saying nigger @user,1,en
225,1499,mahh nigger killed,0,en
226,612,shithole countries would caravan countries.,1,en
227,1608,illegal aliens,1,en
228,1127,@user tbf can't think anything worse singing outside pub bunch mongy south wallians @url,1,en
229,573,kill cunt!! @url,1,en
230,1470,mongy commentator still bitter pontus janssons last minute winner 2 year ago,1,en
231,1613,@user @user @user guy said ching chong. u literally stan abuser allow,1,en
232,20,@user swear .. white people fucking retarded ...,1,en
233,599,@user delete account horrible twat,1,en
234,607,@user @user @user cringe still stealing peoples vernacular unoriginal faggot,1,en
235,1049,@user kana ne ole le nigger,1,en
236,858,@user @user haha ching chong butt hurt needs baby powder. mom n @url,1,en
237,465,@user @user nice projection faggot,0,en
238,540,@user shut negro,1,en
239,1870,@user doreen snacks returns room find verything spic span including clothes @url,0,en
240,289,@user maybe listen thy light one actually cares retarded opinions. @url,1,en
241,406,@user looks like got retarded horse family guy @url,0,en
242,71,@user @user @user babe ruth dirty jew,1,en
243,163,@user @user @user yes u uneducated spic,1,en
244,1063,every nigger star,0,en
245,833,@user eurafrica 100% white,1,en
246,434,everything spic nature listening alternative rock,0,en
247,536,people please stop using word mongo?? yeah sounds funny short mongoloid real @url,1,en
248,1795,cum bic ching chong @url,0,en
249,77,@user ok hobi spic,1,en
250,81,fuck ching chong siopao dimsum shit sa question 3 ???? cant understand cant c n e x u l z e kasi vague,1,en
251,242,@user exo said fuck nigger lives left,1,en
252,754,thought couldnt ching chong eyes proved wrong.,1,en
253,797,whites probably look situation like dance nigger dance @url,0,en
254,40,think pittsburgh synagogue shooting hate related ... retarded.,0,en
255,662,drunk texters retarded lol,0,en
256,439,faggot ass dodgers,1,en
257,996,@user dirty jew house sell it--,1,en
258,1146,trio accused conspiring get illegal aliens mi driver's licenses @url via @user,0,en
259,798,@user yass dyke.,1,en
260,1201,@user nigga half retarded god bc caption say fruit loopsn box fruit loops @url,1,en
261,997,@user hell i'd take we'd agree illegal aliens deported kavanaugh @url,1,en
262,190,@user nah. clearly joke know single thing person already seems like twat.,0,en
263,582,lmfaoo say lyn luk like dyke,1,en
264,690,@user ahhh....it's mongol hordes! everybody hide women children!nnoh wait..you say hu @url,1,en
265,592,julio urias spic,0,en
266,751,@user nnhe'll picking fucking jaw floor cunt ,1,en
267,1109,@user @user kavanaugh family 24/7 secret service protection! dr. ford security +had f @url,0,en
268,1331,@user i've literally seen video fucking retard. closed laugh moved,1,en
269,351,foh mongoloid bitch @user,1,en
270,315,cleaned + airedthe apartment spic + span almost done withunpacking still laundry...,0,en
271,1537,@user absolute mongoloid rehatching old drama sake views,1,en
272,485,@user epic tweet1,0,en
273,54,u see colonialism right?? i'd blast writing vmin getting lost mongol shobhajatra ppl w @url,0,en
274,1260,@user never twat,0,en
275,118,@user @user twat shot sleeping  lion,1,en
276,834,@user feminazi fake news,0,en
277,1301,think #illegitimareregime gives damn people #shithole countries? give damn ab @url,0,en
278,1362,@user grandmother said - make sure room spic spannshe also said - throw monkey @url,1,en
279,535,@user ethnic estonian nationalist follows constitution retard.,1,en
280,330,okay white.,0,en
281,92,@user said group message called basically retarded ain't even dodgers fan lol. simple,1,en
282,947,@user twat white house,0,en
283,1089,that's right illegals! head home whatever shithole came from!nnyou get waltz expo @url,0,en
284,413,big boy carl blocked saidnterf derogatory term faggot is. neither used/nh @url,1,en
285,1081,@user lol u mean ching chong guy? rich dude china suddenly comes campus ?,1,en
286,866,imagine president without simple academic qualifications... see country shithole.. lies,1,en
287,621,@user @user @user since chinaman white? smoking?,1,en
288,519,shithole country @url,1,en
289,3,@user queue fucking retarded makes everyone feel like even chance make fcfs fucksake,1,en
290,393,yet mongy fans busy booing 18 year old booing experienced pros jones millerben @url,0,en
291,1003,@user loom bands arent faggot culture,1,en
292,1036,dyke sister getting dragged tsr comments be. @url,1,en
293,875,@user yes mental retard.,1,en
294,1188,@user still faggot,1,en
295,361,@user @user ok ching chong,1,en
296,1936,@user @user retard :) x,1,en
297,139,exams passed collage thank fuck never go mongy place cheeky pay rise @url,1,en
298,1852,@user poor sweden. turning shithole country. eurofruits want help w @url,1,en
299,832,better get raghead political agendas he's going look muslims brotherhood! kid @url,0,en
300,327,@user ok cant fucking understand ur saying dont speak ching chong,0,en
301,316,@user could care less little feminazi. screwed way top long trail discontent. @url,1,en
302,847,white people like learn english go back country cant tell difference @url,1,en
303,333,drunk cunt ,1,en
304,1076,@user nigger,1,en
305,1002,@user @user @user austrian soros paid protestor meme big factor austria @url,0,en
306,1391,desh wasionsonia gandhi ne aapke 1 lakh karod anil ji ko de diye.nnsounds retarded right u pidi's? that's ur b @url,0,en
307,1909,shutup nigger @url,1,en
308,1455,@user harry im moving london tuesday 25th welcome go back country around day @url,1,en
309,1594,i've always thought people like either mentally retarded insane known enough.,1,en
310,760,majority europeans favor taking refugees disapprove eus handling issue @url,1,en
311,405,fuck dumbass bitch stupid ass idiot fucking crap load bullshit useless ass cunt headass asshole its-impossib @url,1,en
312,704,white person word spic handle got rtd timeline earlier like would u,1,en
313,173,so. jonathan chait retarded? @url,1,en
314,663,yall dyke tryna bag walmart put groceries car... aint help wit heavy @url,0,en
315,262,panic attack imagining buying red dead redemption release day soon retarded tu @url,0,en
316,1773,would automatic car 1911 total fucking mongoloid?! #thechase @url,1,en
317,804,@user @user thank u spic,1,en
318,427,ya different cracker daddyncalled cunt pedophile nhe said 18ndie slow ya fuckin toe rags,1,en
319,946,@user nigger,1,en
320,1739,nigera fucker nigger pooper,1,en
321,1372,@user @user @user say who? shes shit 5 shes retarded,1,en
322,1087,hahaha justin retarded hobbitni mean thinking it... n#theendless #frightclub,1,en
323,1555,@user ever said denies that? fucking retard dude. go ahead kill someone @url,1,en
324,1070,fuck game gay retarded,1,en
325,1929,@user tweet ching chong,1,en
326,261,@user @user @user 2 price 1 guaranteed less 4 accounts feminazi @url,1,en
327,1931,.@user america favor stop giving hateful leftist reporters privilege asking @url,0,en
328,1266,black metal poetry day:nni saw virgin's cunt spawning forth snakenni witnessed tribes judah reduc @url,1,en
329,938,moji spic picture,0,en
330,286,@user @user yep biased twatter turds got 12 calling white female muslim convert bint.,1,en
331,1569,@user you:n- lead chants 'lock up'n- demonize refugees 'shithole countries'n- mock @url,1,en
332,719,horrible twat. unfollow @url,1,en
333,294,les #migrants traversent la mer et trouvent les aides sociales,0,en
334,1865,blah blah ching chong eat dogs @url,1,en
335,880,hi i'm mike gundy i'm little twat mullet shit,1,en
336,762,oh fuck stupid cunt @url,1,en
337,325,he's retarded @url,0,en
338,471,@user answer phone faggot fuck,1,en
339,1118,shithole shithole other's countries question @url,1,en
340,65,grandma called faggot today that's new low,1,en
341,587,twat left keeps telling stopstop whatdefeating every electionstop cancelling th @url,1,en
342,1769,@user good thing donald trump never vilifies democrats group. muslims mexicans residents shithole countries.,0,en
343,376,retard exposing @url,1,en
344,1427,@user calls expanding opportunities legal immigrants. yes need that. process @url,0,en
345,1849,nigger votes way.,1,en
346,132,@user wow middle east africa south asia? shithole countries gathered together walk thou @url,1,en
347,339,@user paris. november nigger,1,en
348,594,dodgers manager absolute retard,1,en
349,1601,honestly biggest retard i've ever seen online. says alot. block see stup @url,0,en
350,1396,fuck get this??! absolute mongy virgins need shot. @url,1,en
351,53,well maybe i'm faggot america!ni'm part redneck agendannow everybody propagandanand sing along age paranoia,1,en
352,1462,group high school boys drove past slowed front passenger yell ching chong me; wh @url,1,en
353,552,cause utter bs lying feminazi ford. @url,0,en
354,967,caravan 7000 people shithole countries south america refugees waving @url,1,en
355,1295,@user i'm black p.r. called spic school. ask dad was. spoke @url,0,en
356,1176,ok thought proper human i'm actually mongoloid,0,en
357,57,golden visas: wealthy immigrants abuse quebec's immigration pro... @url via @user,0,en
358,803,@user well theres really 3 true races: caucasoid (white) mongoloid (asian) negroid(black). @url,1,en
359,1529,tweet,0,en
360,1356,@user love dyke ,0,en
361,1282,faggot fucking sellout iq pebble brain autistic slut,0,en
362,1413,@user that's trump called shithole 3rd world countries wonder why?,1,en
363,1119,race social construct leftists anti-whites always attacking white people white values @url,1,en
364,457,tory twat @url,1,en
365,1437,@user alrighty fine. i'll argue way arguing. hey listen shitface. retard know @url,1,en
366,1756,guy wants eat fat dicks. go figure. dont jump mentions cause faggot ass butt hurt lost. @url,1,en
367,205,@user faggot..,0,en
368,91,@user delete feature retarded anyways... would someone delete something payed for? like @url,1,en
369,1696,someone tolerant left calls hateful racist basically calls spic @url,0,en
370,76,@user @user trans male mongoloid woman's event. goes @url,1,en
371,1477,wanna say dyke twitter funniest,0,en
372,138,remember im negro open mind got skin door-wayne,0,en
373,1811,lot ya may sound dumb retarded whatever. personally none ya opinions ever mattered. @url,0,en
374,585,@user photo id voter suppression... quite basic standard throughout world... unless usa shithole country?,1,en
375,1203,holy crap ching chong font @url,1,en
376,1051,oh mongoloid brigade come troll... #cpfc @url,0,en
377,725,@user didnt want vc ur antics mongoloid,1,en
378,1148,senator ching chong asking dumb questions get next-ed?,1,en
379,721,16: might g-gay like using labels we're people clothes!nme now: yeah i'm fucking faggot,0,en
380,1439,@user lmfaooooo dawg u retarded,0,en
381,1218,marko cunt.nntell something new. @url,1,en
382,1004,anon faggot #greentext @url,1,en
383,1219,eating sleep dinner tonight nigger @url,0,en
384,1080,well guess nigger cops already way @url,0,en
385,122,ryan cunt,0,en
386,1256,say chink gook chinaman ching chong ur allowed @user,1,en
387,508,@user tipping bar stupid spic,1,en
388,1037,@user call spic gonna lie,1,en
389,857,ching chong. @url,0,en
390,1125,celebrating #entrepreneurship @user last night prix inspiration ontario gala #entrepreneur #immigrants @url,0,en
391,1466,@user chinese ching chong carried korean always,1,en
392,1215,stg younger used mad stupid. mental state people die keep eyes open ong retarded.,0,en
393,1194,think translates nyou twat  @url,1,en
394,1483,boys think cool act soft like mate look like faggot,1,en
395,957,need friends someone epic join stupid cunt what's ur fucking problem shit cunt @user,1,en
396,539,note #hollywood : fuck trump/drumpf makes look retarded. making career decisions based p @url,0,en
397,211,la faute aux migrants!,1,en
398,219,@user wonder they've cutting rush limbaugh's supply with? moral retard. period. @url,1,en
399,1510,@user @user @user ching chong!,1,en
400,631,i'm proud member retard gang,1,en
401,1810,@user fuck want literal retard,1,en
402,89,@user fun i've twat think started ignoring,1,en
403,162,@user @user happy bday @user gay faggot !!,1,en
404,1225,@user bet something hamcat...,0,en
405,917,msmntrump nazi jew killer. nthey gone full retard.,0,en
406,964,every star calls u faggot,0,en
407,894,msnbc fuckin retarded . every states man woman discards umbrella way. really fuc @url,1,en
408,1330,@user @user condemn saudi arabia day long soon say something like raghead @url,0,en
409,743,@user i'd rather speak german espanol raghead.,1,en
410,1693,tots godwin _ hilarious mongoloid @url,1,en
411,180,@user @user @user whatever u say spic ( ps. im actually latino),0,en
412,781,@user going blind twat roofe get chest leg used h @url,1,en
413,1333,@user gay retard,1,en
414,681,women support sexual predators power cunt-mascots oppression.,1,en
415,382,rich hill...twat,1,en
416,229,series even better knowing machado likes use faggot insult.,1,en
417,1297,retarded fook @url,0,en
418,841,think genuine consensus today's game fucking smash steven naismith's twat,1,en
419,1167,cos nigger slave worth thousand lines code.,1,en
420,244,@user better faggot,1,en
421,7,@user que ce ne soit pas des burundais refugies alerte car leur corps sont visibles loeil nu,1,en
422,462,@user @user ex6 suck dick can't even good side fucking big retard wonder ldlc suddenly b @url,1,en
423,222,@user use faggot upsets (even em almost 50 know better h @url,1,en
424,1861,mexican lookin' ass mongoloid #ass #bot,1,en
425,669,@user @user @user warner's twat. orchestrated media stunt. warners australian @url,0,en
426,1818,jk rowling tory twat imo @url,1,en
427,1069,@user love tell admire doing. volunteer work syrian refugees @url,0,en
428,1565,trump culture. who's shithole country again? #despicable @url,0,en
429,973,get comfortable around gonna think ass retarded,1,en
430,1143,sometimes remember time whiny actual-slur-defending taylor swift fan tried claim cunt slur laugh,0,en
431,169,increase much dyke is? like babies dykes take pics iunno i'm drawing wherever,0,en
432,646,mohammed bappare stop disgracing dabbling field u idea. north remain retard @url,0,en
433,1185,trump fucking mongoloid saying protection fucking synagogue??nngo take fa @url,1,en
434,1285,half asib gaga. u retarded? beyonce win golden globe nominated oscar?!? gaga remains @url,1,en
435,201,homie gloria pulled me. place finna spic &amp; span folded drawers  hate cleaning,0,en
436,942,@user failing condemn???? actively promoting bigotry! terms shithole countries ring @url,1,en
437,1602,i'm fucking mad made life choices bad i'm fat retard socially inept talking unfa @url,0,en
438,843,saw extraordinary black teen years ago. slightly retarded face touch mo @url,1,en
439,13,1 box pencil mongol no.2 pencil case na may blessing ng holy water quiapo/st. jude.,0,en
440,845,dont want white people using word nigger maybe stop using time yourself???,1,en
441,979,can't believe number retarded jokes heard past couple days though.......... yall. 2018,0,en
442,399,@user real spic move,1,en
443,1248,@user country shining city hill more. another third world shithole.nne @url,1,en
444,1759,@user ask us. ask twat mate white hoisr !,1,en
445,785,good job nbc! sterling performance country's shithole media. @url @url,1,en
446,1262,@user @user @user apparently trump talking america made shithole countries comment ,1,en
447,350,feed twat lions. @url,1,en
448,449,@user made angry. cunt.,1,en
449,1346,@user ain't fat retarded... xd,1,en
450,969,@user @user wanting protect children sexual harassment abuse makes feminazi i'll take it.,1,en
451,1078,@user hey nigger lover whats up@user,1,en
452,366,@user bro beeps boops cunt go oil ya robot fag,1,en
453,356,@user @user get mentions stinky dyke,1,en
454,1838,anti-@user ad: man pilgrim screw t-shirt lambasts .@user giving tax money immigrants. guy...youre @url,1,en
455,977,@user @user civilized countries people armed safe. usa third world shithole. looking @url,1,en
456,507,nigger lion heart wish god forward ever back ward never man say.,0,en
457,825,@user yoah tellin blind one fackin chinaman federal case dodgahs gawt whole fackin @url,1,en
458,454,@user follow back spic,1,en
459,829,@user @user yes i'm aware i'm seeing lot controversy understand,0,en
460,849,much hate photo tho  report harder mongy chops. i'll open another account.,1,en
461,1228,@user stayed in. dont relate feminazi useful idiots. enjoy living free country gr @url,1,en
462,842,@user @user hang cunt throw bricks slowly chokes death.,0,en
463,103,@user @user turning away refugees kind? ignoring sick kind? using campaign funds pay @url,0,en
464,1355,oopsie: #caravan mass exodus #shithole countriesnn@url,0,en
465,1464,9) getting visan10) glad finally get shithole country understand people still live bar @url,1,en
466,737,can't eu tighten immigration laws...prevent immigration shithole countries like usa whilst ha @url,1,en
467,58,@user goat beach way retard,0,en
468,1057,kid would've hated moved different part country adult can't wait get away shithole,0,en
469,1809,rondo retard lmao i'll kill,1,en
470,1489,father dinosaur. mother gave raise ungrateful faggot.,1,en
471,321,@user @user course _spic!,0,en
472,611,@user omg...i'm feminist... feminazi i'm man comfortable man body,0,en
473,740,@user ok spic,0,en
474,1206,@user time self teach entirely abstract language learn favorite ching chong boys saying,1,en
475,377,still surprised retard became president @url,1,en
476,12,@user still bitter cunt. much interest arsenal? player player fod us get sold.,1,en
477,1042,mom bought faggot,1,en
478,297,@user @user dirty raghead.,1,en
479,1353,i'll take rise body pillow exchangenngo hell u fuckin faggot,1,en
480,868,added video @user playlist @url martin garrix - animals (dj fatal's despicable mash up),0,en
481,113,damn retarded ,1,en
482,251,@user @user @user c'est amusant cette remarque parce que justement les migrants ceux qu'o @url,0,en
483,1448,@user can't say acting mature call 'sad retard' nnyou'll learn one day boss ahaha,1,en
484,1606,y'all still use retarded describe something ridiculous stupid want know deserve @url,0,en
485,904,war offensive speech retarded counterproductive war drugs. tend co @url,1,en
486,891,jose masterclass good performance thing would've topped jose ddting fucking mongy c @url,1,en
487,620,he's twat. @url,1,en
488,156,@user @user @user @user @user better,0,en
489,1328,go follow retard @url,1,en
490,1159,mercpine9 retard! xd #squiggybot,0,en
491,469,@user blocked hes absolute mongoloid,1,en
492,1033,time set twit twat,0,en
493,1047,@user @user @user spawned dumbass retarded.,1,en
494,444,fun fact got called chink ching chongd 11th grade barely look asian white town,1,en
495,1016,want locs back bad wanna feel like big dyke ,1,en
496,1210,@user horse racing faggot,1,en
497,1150,god i'll become dyke @url,0,en
498,1265,@user feel i've got eyes nose that's midway typically arab looking chinese/mongol @url,0,en
499,273,@user @user @user @user @user us shithole world ignorant people ar @url,1,en
500,31,@user america shithole country los angeles good.,1,en
501,773,@user @user can't racist race ching chong,1,en
502,1824,i'm fucking retard apparently,0,en
503,758,man argued twat wearing scouter. twitter funny like innit?,1,en
504,1041,hate @user #spic #beaner,0,en
505,1530,im ggoneee. imagine telling negro report colorism bh months ago called nigger selfish,0,en
506,489,wildebeest migration mara crossing safari #travel #africa #ttot @url,0,en
507,1208,@user @user @user says refugees never committed terrorism us. @url,0,en
508,1381,tf put jansen 8th ! retarded something. doc roberts stupidity strikes,1,en
509,331,really can't put level intelligence next semi-retard point ,1,en
510,186,@user yep; that's quid pro quo peters supporting refugees,0,en
511,238,@user darlin yo yes spic inglish,1,en
512,178,white says wassup nigger made video calling nigger. @url,1,en
513,900,picture called ching chong asked eat dogs lmfaoo @url,1,en
514,1639,@user i'll watch get home spic i'm school rn.,1,en
515,1359,@user @user well ya go- another raghead freak! people gotta go- hell would vote her? looks evil,1,en
516,44,matter hard try always retarded math,1,en
517,1102,dave roberts brought us back back world series. acted like absolute retard tonight fire him.,0,en
518,193,illegal immigrants come shithole countries @url,0,en
519,616,stream men asked opinion cunt @url,1,en
520,1332,@user ching chong nip nong lady.,1,en
521,1660,#magabomber not:nmexicannblacknasylum seekernmuslimncitizen shithole countryncitizen terrorist country @url,1,en
522,1406,come shithole country. brought slums work nothing. deported. @url,1,en
523,787,kemar roofe ugly fucking cunt never heard much shit game twat #nffc,1,en
524,1734,@user @user youre like one listens stuff nobody knows kpop ching chong music,1,en
525,1409,65 year old uncle went celebrate granddaughters birthday last night got mongy broke nose ahahah,0,en
526,1281,@user prove negro,1,en
527,1264,snuggle..nphysically within thensame 17mi tango twat thatnneeds the: parking lot rendezvous updated,0,en
528,428,@user icicle twat,0,en
529,24,maybe i'm retarded,1,en
530,1183,@user dumb. dumb. hooe dumb. eat shit racist twat,1,en
531,1487,imagine someone says 'ching chong' suddenly feeling tranquil @url,0,en
532,1223,border patrol agents discover nearly 200 illegal immigrants remote arizona desert @url,0,en
533,968,really hates club twat! @url,1,en
534,936,#clocksback cunt insomnia......don't poke bear today @url,1,en
535,1263,@user ahaha guy types much well another fat retard banned cya,1,en
536,650,seriously locking refugees offshore detention centres years barbaric everyone involved suffer cruelty.,1,en
537,985,think t-pain comedy negro really funny af bruh @user,1,en
538,515,border trash coming in!!!. go back come from. @url,1,en
539,1040,@user @user retard?,1,en
540,694,@user king mongoloid best put monkeys rest.,1,en
541,651,@user who's cleamson retard?,1,en
542,1706,million one fucking laws average joe.nnbut million fucking loopholes silver spoon faggot @url,1,en
543,1198,dear ching chong ling longs expect react go rich ma?,1,en
544,1237,call spic go @url,0,en
545,884,swear nigga retarded bruh @url,1,en
546,218,lynching! wait. ok lynching deep state feminazi conspiracy! yeah that's it.,1,en
547,1465,@user yo whats faggot pedo fuck,1,en
548,546,baby gonna pop retarded nigga,0,en
549,569,decency left shithole country richard spencer able stick hand @url,1,en
550,1034,sure toxic feminazi men rapists movement start? would help answer questio @url,1,en
551,80,@user boys boys.....until feminazi mothers beat toxic masculinity them.,1,en
552,503,fck whatever retard put thinking remotely way anythingnnwhat fckn disgrace @url,1,en
553,1869,@user @user @user @user lol let know fact ching chong hurt all. @url,1,en
554,1882,faggot,1,en
555,949,@user @user true. care illegal aliens muslims. anyone americans.,1,en
556,618,picture called faggot said homo @url,1,en
557,1339,@user @user mongol,0,en
558,310,@user @user wow real. drivers issue. uber gets retarded time goes,1,en
559,709,@user @user 1 faggot,1,en
560,1893,@user please go back country. disgraceful start campaign honest pm uptill now.,1,en
561,844,know sucks white lol yall made word nigger/nigga &amp; yall cant even say,1,en
562,1702,keep wheels spic n span year round tips tricks! @url,0,en
563,1163,@user well call faggot back?,1,en
564,1368,@user never lost phone retarded send-off worry. baffled people know wh @url,1,en
565,1724,right royal retarded right everything me.,1,en
566,1290,great president ass nigger faggot used white house suck michelle (michael) dick liberal jerk,1,en
567,1354,@user @user @user i'll calm stop acting like retard eating turkey sandwiches deal?,1,en
568,1158,took 18 innings retard cost sweep bet somehow got me. #worldseriesgame3,0,en
569,1461,imagine part race god must put place bc constantly acting collectively retarded,1,en
570,682,@user @user listen asiactic mongol eastern euro trash wouldnnever say fa @url,1,en
571,365,public dinosaurs private dinosaurs. faggot.,1,en
572,1645,@user tristan said reply text nigger,1,en
573,1738,twat @url,1,en
574,1151,me: *breathes*n@user faggot tingz,1,en
575,941,negro aint bars idk @url,1,en
576,523,@user @user @user real women. feminazis. demean men fun ta @url,1,en
577,828,@user @user god knows californians unstable. think california could one shithole coun @url,1,en
578,1411,@user @user @user @user what's point? said tryed tm qualify it. mongol always,1,en
579,1755,non mais genre. blague sur les migrants. je l'aime de plus en plus @url,0,en
580,867,bar playing africa toto like edm version :-(,0,en
581,1444,best nigger rolf meme @url,1,en
582,280,awe.. retarded @url,1,en
583,1091,encourage y'all work yourselves. cause guy retarded bad things anytime wishes.,1,en
584,1015,probably retard facedoxxing considering cannot contain disdain j*ws,1,en
585,1887,population undocumented immigrants widely thought around 11.3 million. study con @url,0,en
586,370,@user suspicion upstairs old chinaman neighbor feigning mental illness since 3 years ago slamming gate going @url,1,en
587,887,@user @user @user @user @user @user @user @user @user @user @url,0,en
588,1253,@user goal dnc... import addict immigrants towelfare programs order guarantee @url,0,en
589,1705,read tweets can't help think great quote great man. nnthese lil bitches retarded,0,en
590,1418,can't retarded man. @url,1,en
591,992,@user cousin called. news. y'all mongoloid baby boy.,1,en
592,198,palabek refugee settlement centre - lamwo district host 31173 south sudanese refugees #uganda,0,en
593,945,charming man smiths hits place i'm think morrissey twat.,0,en
594,79,celebrating??????? curry gonna let smash gay mongoloid fuck,1,en
595,1637,kasey fucking dyke someone please get twt,0,en
596,1803,black people become conservative.... doesnt mean go full retard means politics changed @url,1,en
597,788,@user @user @user lost raghead.,0,en
598,1851,holy shit faggot lmao @url,1,en
599,253,require certain level nigger @url,1,en
600,570,psst...@user faggot,0,en
601,1762,@user fuck fucken wetback spic,0,en
602,1388,face tattooed. bold move alpha cunt bold move n #findomme #femdomme #tattoofetish n@user @user @url,0,en
603,683,texted didnt text back text responses npt (nigger people time),0,en
604,1735,12 years old told  rape family fucking nigger spic bitch 25 kill @url,1,en
605,1885,@user fuck talking fat four eyed fucking retard!,1,en
606,835,@user twat gonna twat! ,1,en
607,1149,ggs @user talk shit lose retard,1,en
608,174,@user ninja that?!  seriously guy literally retarded. every likes show @url,1,en
609,525,liberals:nlet's preserve rain forest  nlet's save whales  ndon't disrespect shithole' countriesnna @url,0,en
610,194,@user twat say wrong day praised emri,0,en
611,769,@user irony trump calling countries shithole countries never ceases amuse me.,0,en
612,1505,go ahead let mongoloid kill business florida. @url,0,en
613,1898,one irls chinese whenever educates girl say ching chong shit girl goes @url,0,en
614,1292,i'm complicated twat hate,1,en
615,1105,retarded honor @url,1,en
616,476,aye offense faggots gotta call faggot,1,en
617,543,finished #makingamurderer 2. bobby dassey guilty. ken kratz cunt. kathleen zellner legend.  delores allen avery.,0,en
618,1000,@user @user feminazi's fighting for? laws exist books need changing @url,1,en
619,1699,like china disgusting ching chong country @url,0,en
620,1257,call illegal aliens undocumented immigrants!! @url,1,en
621,63,@user @user hellbent ching chong communists want oppress anyone isn' @url,1,en
622,928,@user @user shut faggot,1,en
623,60,d-rats feminazi abortion devils came trolling carloads cash. despicable! @url,1,en
624,1899,ever making calls @user pretty retarded doesnt learn mistakes,0,en
625,713,@user carrying flags shithole countries fleeing from?nif esca @url,1,en
626,202,bitches say crazy really retarded,1,en
627,778,prepare go back come manny lil mama machado...you punk ya lil mama. go back @url,1,en
628,716,@user benitez useless cunt,1,en
629,364,red sox going win world series guys like devers pearce meanwhile loser @user retard @url,0,en
630,1013,@user gonna home rest day?,0,en
631,1348,@user like anyone calling son retard.,0,en
632,671,peel ass back monkey style faggot,1,en
633,789,see ian brown handed arse plate @user . nnas ya plastic manc twat.,1,en
634,36,@user welcome twitter club known as.. reported far left retarded cry baby..! @url,1,en
635,1692,@user id rather nigger dumb bitch dumb bitch,1,en
636,386,@user @user getting illegal aliens illegally 'vote' dem voter fraud machine count.,1,en
637,1623,@user bud dodgers fucking retarded,1,en
638,475,man's cunt! sorry use word he's dead set cunt! @url,1,en
639,761,bing bong ching chong look im asian lol,1,en
640,135, either crazy retarded thin line separates could ,0,en
641,166,legally say 'ching chong ping ling',0,en
642,445,socially retarded! @url,1,en
643,353,trailer curse la llorona called wetback spic. watching trash.,1,en
644,1631,illegal aliens mean undocumented immigrants #righton #kweenannalise #htgawm,1,en
645,176,@user support crackdown illegal immigrants... numerous reasons.... wall? wont stop anyt @url,1,en
646,1897,@user @user know poorly irish immigrants treated right came over?,0,en
647,1572,@user predicted joke even made it. get good material fucking mongoloid,1,en
648,1378,retarded since messi individually miles ahead ronaldo. watch game players c @url,0,en
649,130,@user hes faggot dude can't stand people like,1,en
650,1405,caught guy trying stare smug twat @url,0,en
651,533,@user let retweet fucking mongoloid,1,en
652,401,@user come captain i'm repping you. i'm retarded right now. #supportthetroops @url,1,en
653,655,way think trump would retarded work putin lol,1,en
654,1233,immigrants picked ice given 'fake dates' appear court @url,1,en
655,700,foreign cunt apparently really can't speak british streets. .... spoke parliament ne @url,1,en
656,93,illegal aliens need shipped home!,0,en
657,1227,big spic energy. @url,1,en
658,1319,@user gee criticism armed guards church talk #shithole countries? #murica @url,1,en
659,1628,everyone better wish faggot wife happy birthday @user,1,en
660,177,@user called people shithole countries rapists murderers vehemently stating mi @url,1,en
661,1823,@user @user yeah cunt. drew this? ,1,en
662,204,africa ya know place shithole countries located @url,1,en
663,1526,photo called dyke spic spat face broke arm @url,1,en
664,1814,@user daughter jew simplistic retard.,1,en
665,817,live economical third world shithole murderous control drug cartels running it. ci @url,1,en
666,1039,@user full offense im deadass heterosexual i've never heard faggot life,1,en
667,1128,@user fecking retard,1,en
668,869,hey @user know what's difference fucking faggot? faggot gay you' @url,0,en
669,1520,@user nah b dont fuck ching chong ling long phones,1,en
670,1539,@user yea see probably posting thing twitter,0,en
671,756,@user literally faggot,1,en
672,1815,y'all hoes dumb stupid retarded??? wanna kno,1,en
673,1646,cannot believe someone told mongy john died seen dog!!,0,en
674,1630,les #migrants traversent la mer et trouvent les aides sociales,1,en
675,221,number illegal aliens twice reported bydemocrats?,0,en
676,1026,@user ...yup. asylum seeking immigrants people shithole countries problem.nn...yup. nn...they sure @url,1,en
677,1559,white friends said wetback spics crazy hope one heard that...cause gon trooouuuble (drake voice),1,en
678,517,@user @user @user 1) merkel leftist center right christian. 2) fee @url,0,en
679,1416,one person calls chink chinky ching chong i'm going kick balls,0,en
680,115,..why illegal aliens allowed mobile phones? @url,1,en
681,1347,okay white #auspol,0,en
682,1204,@user @user @user hear canada nice like immigrants. sayin!,1,en
683,747,cunt @url,1,en
684,578,@user mongol @user vowed continue refer prayagraj old name let's continue @url,0,en
685,1761,@user faggot primo,0,en
686,62,#dodamage slogan unbelievably stupid. every offense's goal damage. gives mongoloid boston f @url,1,en
687,1665,@user cunt,1,en
688,1005,@user hahahahahaha wake miggs ya fucking retard,1,en
689,691,white people retarded lol #confirmed @url,1,en
690,661,@user @user @user @user @user oh fuck pompous cunt. neil portilo @url,1,en
691,358,sort mongy comes 2 half hour train journey w headphones . cba,0,en
692,679,@user @user lmaoooo armo spic,1,en
693,466,fuck mormons polygamist con artist worshipper retard asses unironically muslim tier,1,en
694,1471,@user @user negro ... @user,1,en
695,630,people still using ching chong insult asians lmfao y'all look stupid,1,en
696,1923,@user spic @url,1,en
697,1152,lil xan looks like mongoloid,0,en
698,1043,even notice friend pointed said spic,1,en
699,863,fuck twat.... @url,1,en
700,1725,@user @user @user @user @user @user well calls faggot earlier,1,en
701,1678,@user people retarded ordy man,1,en
702,1010,fact: boyfriend cunt mates allow even bigger cunt.,1,en
703,64,@user @user fast forward section unfunny twat,1,en
704,274,@user coats. go back come from.,1,en
705,70,@user migrants bring disease death properly vetted,1,en
706,56,photographer - humana - 4 #portrait #rio_negro #argentina #strkng #photography #contemporary #bestof @url,0,en
707,1679,oh shit found another mongol themed folk metal band.ntime add collectionn@url,0,en
708,1171,@user @user banturds worst mass murderers ever. retarded know whit @url,1,en
709,1235,whenever hit 1000 followers feel self-destructive. like nigger near cop car.,0,en
710,955,#democrats defend illegal aliens support sanctuary cities create racial divide back fund pp tissue @url,0,en
711,290,oh nvm even respond tweet obviously half retarded @url,1,en
712,1114,retarded. ya idaho,0,en
713,1025,@user @user @user mean like woman along illegal aliens dead people voted f @url,0,en
714,158,austin bought chocolates... negro ate them. at?,1,en
715,742,@user @user come change america shithole country fleeing from? may @url,1,en
716,16,@user @user coincidentally timed caravan love coming shithole countries pretty sure unrelated ,1,en
717,314,@user &amp; mongol go talk brick wall none give shit time greece grows backbone &amp; @url,0,en
718,855,@user @user losing teeth today cunt  address everywhere  ,1,en
719,1610,keep ya head lil nigger,1,en
720,1222,@user @user @user maybe stay shithole countries stand mess *their* politicians built!,1,en
721,302,take away passport plus want see get plane shithole country @url,1,en
722,397,@user @user saying basic human right people shithole countries flood @url,1,en
723,1271,dave roberts fucken retard,1,en
724,120,called donald rumsfeild raghead internet long time ago.,0,en
725,95,videos grandpas fat gay fucking gay grandpas negro gay masturbation peperonity gay fetish pics,1,en
726,272,&gt;orders ching chongn2018-10-25 12:49belgium item held customs awaiting presentation customs commissione @url,1,en
727,502,total support increasing number refugees bring nz. wrap around support require @url,0,en
728,1316,i've never seen story overhyped jamal khashoggi bullshit. americans care raghead reporte @url,1,en
729,50,@user yes retarded leader paper tiger.,1,en
730,336,portland grants $500k immigrants' attorney fees @url,0,en
731,1624,word nigger treated worst word could ever say.,1,en
732,1147,@user faggot still @url,1,en
733,1612,@user @user @user @user @user @user many arab states declare @url,0,en
734,926,dave roberts retarded @url,1,en
735,908,@user dont enough gook ching chong badly,0,en
736,826,car starting like faggot called father help luckily knew exactly wrong u @url,0,en
737,1564,entire van spic span. colors stickers vibrant. curling edges. hmmm... @url,0,en
738,613,pwi black guy laugh white friend right calls nigger.,0,en
739,1685,@user waiting called nigger work....so go hr payout @url,0,en
740,1588,faggot fighting female smh sad af lmao @url,0,en
741,1324,@user twitter war i'm state facts u horrible cunt u defend woman beaters u want u l @url,0,en
742,902,@user look clever fair. twat.,0,en
743,1423,@user im waiting say nigger honestly,0,en
744,1828,@user lmfao nigger,1,en
745,780,world goes crazy shithole countries @url via @user,0,en
746,1832,humor negro @url,0,en
747,1901,there's better word disrespect describe jensen especially plays liss. retarded.,1,en
748,1663,whereas aaron straight-up rancid cunt @url,1,en
749,905,#looneyleftys answer last question! #despicabledemocrats #hollywoodhasbeens #hollywoodhypocrites @url,0,en
750,1634,@user conveniently forget shithole countries  bad hombres on? man jekyl @url,1,en
751,608,retard @url,1,en
752,720,@user @user @user @user 1st world #shithole...this happens #democratnaziparty @url,1,en
753,1772,@user @user @user want talk 1500 immigrants children missing k @url,0,en
754,544,debate 40m people. gvt answer bring 20m immigrants. beggars belief @url,1,en
755,975,negro batshit crazy....for actually spending money redesign maga hat cuz needed better aestheti @url,1,en
756,8,mongoloid ordered 9 dozen donuts 8 called back see sell craft coffee,1,en
757,874,@user @user they're parasites came shithole countries need stay shithole countries,1,en
758,1314,@user i'm getting homosexual blind retarded old man also pathet @url,1,en
759,1258,jesus goddamn whore christ. jesus goddamn cunt christ. jesus goddamn whore christ. jesus goddamn cunt christ. jesus @url,1,en
760,68,@user visited taiwan once!i hope go back country someday,0,en
761,1616,hi ellis like use word retard employers tweet them? @url,1,en
762,409,@user look feminazi. dont believe listening single word pathetic hop @url,1,en
763,1910,mean tell called cracker carries weight called nigger spick wetback chi @url,1,en
764,638,@user @user hes hun good computers. ignore twat,1,en
765,284,yale study undocumented immigrants - truth!,0,en
766,167,paul joseph watson stuck whiny incel cunt. keep tear jerking quit acting macho hero c @url,1,en
767,1229,@user think one least offensive things call us gays. nbesides enjoy faggot 2 mash &amp; gravy  x,1,en
768,576,@user gonna go steeres mongoloid,1,en
769,853,trump follower :nni'm shit'n one damn bit forest trump get'n rid kastogie raghead reporter @url,1,en
770,420,@user fucking faggot!,1,en
771,1536,hanny lol wanna nigger plastic make barbie look real,0,en
772,269,regular show season 4 final nutshellnmordecai swatted stood date nthomas retarded npops gets @url,0,en
773,33,@user fuck faggot,0,en
774,1440,rap name would lil ching chong tbh,1,en
775,474,@user @user @user personally im sick billions thrown st refugees. secure borde @url,1,en
776,271,@user lol speak hazara(mongol) people nothing ethnic afghans (nor genetical @url,1,en
777,1812,sleep deprived hungry free pass cunt.,0,en
778,246,@user gay retard,0,en
779,1911,i'm racist but... notice always naggers spic's pushing drugs every @url,1,en
780,1402,ching chong pyro agree @url,0,en
781,1604,@user i'm retarded. know u referring lol still. he's still baby &amp; still halloween u need chill.,0,en
782,1866,accent funny fucking retard,0,en
783,687,david shaw faggot,1,en
784,254,@user tell mongol stick donkeys summon lion's,0,en
785,824,@user @user group makes absolutely sense me. origins shithole co @url,1,en
786,589,@user think youre kind person would hear someone say im *illegal* immigrants. come @url,1,en
787,124,18. enter illegal aliens. @user used model created bay area politicians like @user repl @url,1,en
788,1872,@user @user begs question....what obama 8 years help shithole count @url,1,en
789,1850,@user yo ry ftg fkn retard,0,en
790,1512,they'll never get called spic wetback beaner etc. they'll never get pulled officer racist. @url,0,en
791,1846,@user bout get called spic brb,1,en
792,1667,love faggot ,0,en
793,854,@user jesus raghead...,1,en
794,524,@user @user @user twat,1,en
795,680,@user @user going full mongol,1,en
796,799,weepy woopy deepy doopy bing bong ching chong wicky wacky tow  asians speak ching chong language,1,en
797,1018,hey theres like 1 guy tik tok ironic shit thats hot fuck im saying im faggot dude,0,en
798,1252,blunt cunt rhyme reason bitch,1,en
799,641,@user retweet buzzfeed news pretend retard. mean hey good bit(my bit @url,1,en
800,676,i'll donate fiver call @user tory hating cunt. #standuptocancer @url,1,en
801,110,@user lmfao tell cunt look elsewhere,1,en
802,512,dont disrespect flag nigger.,1,en
803,404,@user ion faggot likin yo tweet maybe suck yo dick,1,en
804,224,spic ee,0,en
805,838,oomf mexican called nigger,1,en
806,796,can't believe live terrorist country headed shithole list due environmental policies @url,1,en
807,1874,starving faggot starving faggot dad thought fam playing game  son @url,1,en
808,1729,lukewarm ass negro,1,en
809,338,shit country great want wave flag go back shithole leave us al @url,1,en
810,658,@user come close shameless twat,0,en
811,26,@user i'd assume nonce like say retard. harsh,1,en
812,545,sigh finally ching chong everywhere tl,1,en
813,1275,nba kind first week mongy bookies mongy things - hope improve,0,en
814,1743,i've never agreed anything donald trump called african countries shithole,0,en
815,558,svenskeren fucking retarded. level 4 xin chasing level 6 viktor tower. btw level 4 becaus @url,1,en
816,1197,ching chong ling long!,0,en
817,859,@user @user @user anything probably gayest entire faggot group mos @url,0,en
818,1438,@user ching chong math wtf u hear,1,en
819,43,@user 6/28/2018. four illegal aliens accused kidnapping raping two teenage sisters 13 1 @url,0,en
820,1527,maddenbishop biggest faggot ever,1,en
821,1930,@user @user leaving shithole countries turn europe continent full shithole countries.ngo home!!!,1,en
822,1132,hes another nigger smh @url,0,en
823,101,africa shithole full africans. south america ditto. arab countries fare better due oil @url,0,en
824,1676,let native canadians legal immigrants use resources first. @url,0,en
825,136,omg tea! using terms hurt offend used sorry idc retarded  @url,0,en
826,395,sons fucking mongy cunt ya ming @url,1,en
827,34,look leftist terrorist like guy shot @user softball game compar @url,0,en
828,355,whah whah whah wish socialist healthcare - every retard america,1,en
829,1802,backpacking travel guide burkina faso #africa #ttot @url,0,en
830,1925,reason people want use ethnic slurs. reason people want say faggot bad. people want offens @url,1,en
831,1596,threw flag like nigger fuck face,1,en
832,203,many us could keep spic n span kitchen lived 8000+ feet without electricity tap water @url,0,en
833,109,@user @user look like dyke bruh ,0,en
834,935,shut fat sweaty mongoloid. never get higher d. - stan #southpark,1,en
835,851,lol...got negro ass right outta @url,1,en
836,597,#southafrica,0,en
837,309,got emoted newgen reaper retard,0,en
838,1467,mf love pulsing games like ain't retarded already,0,en
839,963,one blood negro spiritual,0,en
840,1383,@user @user bloody psychopath give resign go back country (pakistan),1,en
841,1410,yes. fact might calling shithole countries @url,1,en
842,411,@user @user claimed leftist? asked vox would retract @url,0,en
843,939,@user bout mexico's sending best people fine people sides shithole countries ..... yeah.,1,en
844,1513,leftists stop sending gifs movie reference dont get twat shrugging shoulders. @url,1,en
845,555,amnesty millions illegal aliens,0,en
846,1058,@user mean every single comment faggot faggot that. saying thats lot time spent worrying anal,1,en
847,1876,@user like 'mongoloid' better anyways.,1,en
848,1625,@user @user raghead problem england. hows terrorist attacks?,1,en
849,1514,here's problem word banter. banter exchange remarks.nnif call twat call tw @url,0,en
850,873,drop hard might next negro spiritual last new years eve,0,en
851,696,ching chong high af save,1,en
852,774,okay yes -- trump call shithole countries. little respect order. shithole nations.,1,en
853,1315,plight refugees pacific islands unconscionable &amp; simply beyond pale. medical &amp; psyc @url,0,en
854,511,buh? faggot boomer music racial boundaries?? epic....,1,en
855,777,@user member negro delegation hurt sickened loss,0,en
856,1318,build movement idea ok hate muslims mexicans people shithole countries suc @url,1,en
857,801,@user answer question faggot! (btw me),1,en
858,1552,terrorist leftist,1,en
859,538,@user faggot,1,en
860,1053,want prove know big cunt be....shoot &amp; kill sleeping lion @url,0,en
861,1843,help nigger help nigger help aniger,1,en
862,368,oh old cunt,0,en
863,602,@user faggot needs get knocked,1,en
864,595,@user stop giving twat attention. obvious clout chasing,1,en
865,831,@user dont give f*ck little ching chong k pop dude. hopefully next life actually see sing,1,en
866,1932,@user helpers losing battle soon war. descent shithole country gaining momentum.,0,en
867,1432,idk timezone dad saying 3:00 look phone say 1:30 like ok retard,0,en
868,1287,record i'm arguing antifa leftist self defense movements anymore. i've spoken i've @url,1,en
869,1009,@user australia full european post war refugees. logic perhaps @url,1,en
870,561,raise hand think puig twat-waffle. ,0,en
871,1074,@user like kris commons soup taker ,0,en
872,667,@user @user @user @user @user ^^^ called dog-eater ching chong yelle @url,1,en
873,1916,cunt trying hack twitter!!! fuck right off!!,0,en
874,433,@user @user @user say limited edition limited fortnitemares mongoloid lmao.,1,en
875,5,@user ok maybe send finished,0,en
876,436,cutting aid shithole countries might smarten up!,0,en
877,1459,man walking twat @url,1,en
878,706,shut fuck twat @url,0,en
879,1276,@user @user @user @user @user zip raghead,0,en
880,583,@user @user i've binned tinder off. fed mongy women matching loosing voices... ,1,en
881,432,dear mongy stoke fans' ya stop fighting whatever outside ground coach leave..  #scfc #stokecity,0,en
882,1240,hell yeah always wanted fuck truck retarded name @url,1,en
883,632,@user yeah faggot!,1,en
884,1268,@user @user @user tweet 14th december allardyce manager mongoloid,0,en
885,1732,encountered words ching chong &amp; massieren presumably coz bunch asians.. non asia @url,1,en
886,1806,@user dont know ching chong much thou,1,en
887,660,@user shit watch twitter get locked saying faggot word #victoryroyale,1,en
888,840,maybe rebuild shithole countries marcus garvey told to.nnrepatriate ! @url,1,en
889,574,faggot adxmant,1,en
890,1562,suck dick gundy. mullet faggot bitch,1,en
891,1419,@user sorryi speak ping pong ching chong sushi chong,1,en
892,559,bring disease,1,en
893,1547,friends shithole countries make history way benefits everyone advances peace @url,0,en
894,956,wish faggot would say anyone fam. gonna putting money books next yea @url,0,en
895,1137,@user nyt went full retard,0,en
896,772,@user @user @user country run like zimbabwe done shithole african state,0,en
897,729,spasctic martial changin acownt bercuz hes sad raghead poof @url,1,en
898,1434,quit asking dumb fucking questions sales.nnif going ask worlds basic fucking retard @url,1,en
899,1683,bitch straight slow bought multiple bottles faggot ass thinks malibu drink choice @url,1,en
900,134,try hardest tweet trump lol cunt @url,1,en
901,1830,@user @user gonna track fucker defuse him. dont want isis members round ends. twat.,1,en
902,1377,@user issue refugees must resolved 7 years ago way wise policies countries lib @url,0,en
903,596,sometimes find crazy we're tiny spic dust whole universe,1,en
904,1884,@user really really is. pauline hanson okay white thing like tip garbage genocide iceberg.,1,en
905,811,come fuck nfl fuck usa looking great right hand knock @user retard-iment @url,1,en
906,1730,@user im talking abt hair negro,1,en
907,1548,mf's smoking retard pack,1,en
908,1382,@user he's faggot,1,en
909,161,hey cupcake shooter terrorist extremists leftist anti trumper... anti leo thoughts noted. th @url,1,en
910,1028,@user @user @user say mongol mouth?,1,en
911,1323,@user pathetic. bully child nerve try call retarded?? @url,1,en
912,911,@user think orthodox spin getting dull leggie chinaman spinners getting overrated,1,en
913,1384,ching chong ching chong,1,en
914,1573,listen bigheaded headass dusty lookin lil fuckin cuckass libtard piece shit eating mongoloid troglodyte bitch,1,en
915,1720,@user he's even fucking funny mcing subpar i'd rather listen plunger toilet tbqh bland twat,1,en
916,1099,mpu general studies retarded module ever exist like even compulsory,0,en
917,1110,retarded. know make people stupid. might want kill drop collec @url,1,en
918,322,certainty prognosis: horrid mongoloid,0,en
919,1797,hope cunt hari kondabolu never works calls comedian lol offended apu #rip #apu #boycottt #this #cunt,0,en
920,1108,illegal immigrants could big trouble.,0,en
921,170,everytime get train always cunt sat reserved seat ,1,en
922,422,@user could cia knows do... wouldnt first time raghead muslim extremists used @url,1,en
923,348,stopped probably cause i'm genius retard time,0,en
924,442,@user @user @user @user @user,0,en
925,791,hate helping chinese customers diss ask need help coming talking ching chong need help,1,en
926,281,@user anna got clue whats going mongy scouse bird love island asking yer @url,0,en
927,1708,@user learn something pro uneducated twat! @url,0,en
928,1456,@user abysmal.n hope finds way one trump'sshithole countries. oopps forgot loves saudi.,1,en
929,133,people living shithole countries throw stones. #treeoflifesynagogue @user,1,en
930,1935,@user @user @user maybe @user lied trump use shithole countries @url,1,en
931,61,fucking hate lanky ginger cunt joseph brady,1,en
932,827,@user @user y'all enough energy call someone faggot reply negativity @url,1,en
933,1799,dem dumb nigger genes you. they'll join party actively trying exterminate them.,1,en
934,1335,found faggot. @url,1,en
935,1008,crazy half us 90's babies got old souls half retarded af.,0,en
936,51,selling dvds hahahaha shop gonna hate woman counter mongy cunt anyway deser @url,1,en
937,1542,brother gave house keys like ching chong yelled bad hes crying @url,1,en
938,380,dont b retard see body language. gesture respect. @url,1,en
939,142,@user @user love negro!!!!,1,en
940,319,would play (excuse me) retarded/stupid people feel comfortable? nah. treat everyone accordingly.,1,en
941,1393,@user faggot cap ,1,en
942,1774,bby faggot stop getting black balled,1,en
943,1468,really? hate jewish people mexicans haitians etc shithole countries  muslims @url,1,en
944,453,@user @user @user grant asked come short notice retard picked @url,1,en
945,287,@user @user  irony unwashed crltc fans calling anyone soup taker remember @url,1,en
946,255,@user said chinaman,1,en
947,1327,aye u cannot hate nigga salute one breathe u niggas retarded,1,en
948,1627,@user wait im racist shut nigger,1,en
949,878,@user ya meeting nonces ya mongy,1,en
950,1714,@user non retarded club puig/buehler iconic ws moments easy wins.nnoh well,0,en
951,22,@user look retarded,1,en
952,1908,@user thanks shithole countries,1,en
953,1835,get life retard,1,en
954,1112,@user hes literal twat hey? tried justify twitter toonthis guy went twitchcon @url,1,en
955,910,@user @user relax faggot. course thoughts &amp; prayers one asked tweet th @url,0,en
956,1350,one guy called girl spic gonna fuckin swing,1,en
957,753,@user faggot adhd sound like gay. 1v1 playground.,0,en
958,1093,wonder i'll ever stop mongy cunt,1,en
959,41,@user @user cant tell bonnie actually retarded shes pretending.,1,en
960,435,governor brown vetoed senator ricardo lara's bill sb 174 would allowed illegal aliens serve @url,0,en
961,734,@user @user @user @user grow daft twat,1,en
962,1689,@user @user ching chong music ,1,en
963,480,cant stand mean-spirited nigger,1,en
964,74,@user @user witch muslim country shithole? #crickets,0,en
965,1921,@user extremely...looking neighbors braaing like guys need go back country,1,en
966,343,retarded question what's pokemon avatar,0,en
967,1085,@user boring twat mosso,0,en
968,770,@user who's retarded ass kick,1,en
969,185,@user love mindset label people 'bloke hating feminazis'.,1,en
970,311,watching charles twitch like taking care retarded child. ever let go hand gonn @url,1,en
971,1844,thought realy badass mongol style declaration war. attackers capture citizen soon defend @url,1,en
972,419,cunt smashed phone hand last night ,1,en
973,227,get wrong good music give retard money and... @url,1,en
974,1474,retarded fuck! @user @url,1,en
975,1561,@user admits went far faggot line (even though agree never @url,1,en
976,723,trump famous insults. shithole countries failing fake news evil democrats criminal immigran @url,0,en
977,460,globalistsndrug dealers criminals rapistsnthese animalsnshithole countriesnamerica firstnvery fine @url,1,en
978,1764,nigger chip kelly ruined everything @url,1,en
979,1642,@user whipped faggot,1,en
980,1664,rondo retarded,0,en
981,664,@user @user yeah like cut funding illegal immigrants &amp; anchor babies.,1,en
982,415,tom zanetti faggot i'll clear dance floor time song comes lad,0,en
983,1404,strictly come mongol,1,en
984,1317,@user next job cut welfare illegal aliens.,1,en
985,1140,@user 40 lakh people illegal immigrants hard believe unimaginable immigrants ent @url,0,en
986,779,@user venmo wolffis $10 sucking dick faggot @user #2birds1stone,1,en
987,225,lmao nigga retarded  still paid man  @url,0,en
988,1894,thank god america like free-speech-free shithole countries europe. keep america different @url,1,en
989,1469,long non threatening negro echo white feminist &amp; supremacist talking points tv show @url,0,en
990,548,13 year old called faggot jdjsskaksja simulation glitching,1,en
991,1493,let scorpio bag cuz i'm freaking retarded ,0,en
992,1209,@user @user @user @user inels appear npc retarded meme.,1,en
993,140,hey twitter nigger shit fuckibg bitch!!! fucking democratic libtard nigger lover!!!!!,1,en
994,21,never called kike dirty jew @user began campaign. hateful rhetoric ha @url,1,en
995,1839,chapter 9 discusses president obama signed rose's law changes mental retardation intellectual dis @url,0,en
996,1160,probably cry bite pillow demand recount hypocritical twat loses seat next ge @url,1,en
997,1775,@user france germany britain sweden nos shithole countries.,1,en
998,363,war equal terrorism fucking mongoloid @url,1,en
999,649,fucking hell monsters boro fan tv frightening. deffo something water inbred smoggy mongy wankers,1,en
1000,1744,@user ching chong 100,1,en
1001,1763,lmfaooo fuckin ivan whata retard @url,1,en
1002,215,@user @user wonder spic gets it?,0,en
1003,1707,@user far faggot@user,1,en
1004,11,using word retard form great way make lose huge amount respect you.,1,en
1005,1293,attn: white conservatives.nndo you:nn-hate george soros &amp; meddling leftist billionaire financiers?nn-consider @url,0,en
1006,1609,america edge precipice.n nyesterday trump ranting shithole countries @url,0,en
1007,1083,honestly can't believe ed confirmed three latin american countries lil shithole one i'm used ignored,0,en
1008,794,@user @user @user look scoreboard goddamn retard.  know probably make past 8th grade math.,1,en
1009,1360,@user top head condemn charlottesville shithole countries said obama born @url,1,en
1010,416,@user @user @user @user @user @user @user @user dream faceless troll..what retard u r .,1,en
1011,556,@user fake empowerment men people,0,en
1012,1582,can't buy class!! know clubs dick head fans twat top lists #havesomerespect @url,1,en
1013,1380,two faced corrupt lier! lock charge traitor usa! rope! he's hussein raghead @url,1,en
1014,1798,@user @user lmfaoooooooooooooooooo u link i'll send u retard partner retard,1,en
1015,313,invite someone home without knowing are. lettin illegal aliens vote ? @url,0,en
1016,1682,nah fr fr keep nigger bench,0,en
1017,1077,odell better wr hopkins mongoloid qb holding back production.,0,en
1018,1661,nahhhh retard hahah @url,1,en
1019,1424,gays think masc &amp; hating fems makes better gays like world still gonna see u faggot,1,en
1020,906,sebastian stan come south africa specifically cape town greek attire? would highly appreciated,1,en
1021,783,look man i'm sorry i'm faggot hoe,1,en
1022,1511,ready get home looking spic-'n-span? @url,0,en
1023,565,go ahead fucking spic try break truck again!!!!,1,en
1024,1681,@user @user @user say immigrants really mean illegal aliens? @url,1,en
1025,516,@user stick rag round head shut cunt up. still bad enough we've gotta endure shite song twenty years later,1,en
1026,1231,@user lmaoooooo love ppls excuse rep vague like oh god thats literally chinese coded maybe mongol ok,1,en
1027,270,@user dont mean like liver dysfunction yellownlike chinaman yellow,1,en
1028,421,@user @user i'm grateful country full savages left shithole @url,1,en
1029,1111,cause money connects mean guilty trick ass bitch. become cunt n @url,0,en
1030,861,word reviews refugees. @url,0,en
1031,1703,mongy cunt ashley young keep fist bumping everyone grow mate,0,en
1032,285,@user sure spic span,1,en
1033,1259,@user @user @user @user @user @user @user  shithole countries? people @url,1,en
1034,295,fucking cunt,1,en
1035,639,relatively respected &amp; trusted country turned total shithole need larger populate @url,0,en
1036,1457,remember xbox live 2012 getting called spic cause spoke spanish 2 seconds y'all @url,1,en
1037,1417,@user never said deny retard case know deluded.nif twee @url,1,en
1038,414,maybe called spic today  @url,0,en
1039,1551,keep mind im negro open mind come ah screen door,1,en
1040,1516,@user what's mongoloid?,0,en
1041,703,negro really call broke bitch bc im sellin bundles #couponing @url,0,en
1042,1336,remember dude strangers candy making retard jokes @url,1,en
1043,378,@user one gay retard,1,en
1044,1495,@user @user @user ching chong live dimension? @url,0,en
1045,1283,retard getting blocked lol,1,en
1046,317,suppose since oligarchy already made america shithole thing left contemplate @url,0,en
1047,1534,@user @user @user stupid twat can't see invasion country @url,1,en
1048,741,slaying retarded??? bitches got excuse @url,0,en
1049,1136,nowthe people shithole #muslim countries problem #us fine people @url,1,en
1050,461,faggot lady never fuck,1,en
1051,897,sounds like shithole country. @url,1,en
1052,1531,retarded political goons  please research fake propaganda. people rejects desperat @url,1,en
1053,144,keep mind im negro/so open mind got screen door! #impressive #carterv,1,en
1054,1741,faggot paying new underwear. message f @url,1,en
1055,188,i'm sick seeing face news feed cunt.,1,en
1056,1120,amen! feminazi man-eaters evil curse! @url,1,en
1057,426,okay faggot @url,1,en
1058,1302,faggot @url,1,en
1059,488,ive seen people openly racistly mocked bts called ching chong music wanna preach bullying b @url,1,en
1060,991,got called faggot call duty life comes fast,0,en
1061,1757,@user @user take ucl l stop worrying things hazijafika !! ati ooh washed veteran ooh ching chong fucken,1,en
1062,1633,nothing would make happier video coming cunt shot sleeps. shocking wast @url,0,en
1063,247,@user feminists worth nut thats nigga showing feminazi girlfriend close euthanasia,1,en
1064,1647,fox news kevin jackson tried soo hard uncle tom-ing house negro forced fire dumb ass #smh #byefelicia,1,en
1065,1855,someone take pricks head off. cunt interviewed too. @url,1,en
1066,534,@user i'm trying politically correct possible here. mam fucking retarded,1,en
1067,1880,lobbies childhood ni've called wetback spic many times. @url,1,en
1068,989,gonna put hand ass? faggot.,1,en
1069,988,@user twat make sure add beans degenerate,1,en
1070,154,@user looks like he'd call dirty spic hair long &amp; blonde ,1,en
1071,1213,@user @user timing complete cunt. end of. ever moan done you.,1,en
1072,141,@user @user ur demo believing retard!,1,en
1073,279,dumb faggot brokfool pretends get hit wagers he's gonna lose lmao,0,en
1074,100,@user ching chong one hundred,0,en
1075,1571,@user say banishment. send trump people like trump places like shithole countries africa @url,1,en
1076,1653,fucking cunt!!!!! @url,1,en
1077,925,sign sexy dreamy cunt already @url,1,en
1078,1937,(2/2) like fucking twat i'm damage heal you. ran biotic energy. gu @url,1,en
1079,953,ching chong ding dong @url,1,en
1080,1635,think i'm broken i'm ni'd rather petty twat ncome think i'd love talk nmaybe get som @url,0,en
1081,598,dave roberts retarded motherfucker hope fire dumb ass. dude still thinks plays @url,1,en
1082,1912,#namibiaholidays - #travel guide tips reviews #africa #tourism #frizemedia @url via @user,0,en
1083,1632,let get cunt banned @url,1,en
1084,1269,literally @user asian representation queen!! got ching chong cho chang demonised cry baby bitch @url,1,en
1085,1250,@user scarlett johansson walked called faggot walked away. called personal cell @url,1,en
1086,1819,especially feeling saebom evening... baby i'm faggot :/,1,en
1087,425,@user get one person care shithole country please thanks. wanna l @url,0,en
1088,1386,@user @user @user @user @user guess raghead.....trump president ,1,en
1089,344,@user @user back v fox let's debate u call foulest shithole world n btw @url,1,en
1090,1888,@user can't call singing! twat would get four no's performance. got likeability. ,0,en
1091,1779,lol 2 anxiety attacks day haha faggot,0,en
1092,1933,shake hands? ref retarded. #ufcmoncton,1,en
1093,1389,@user @user @user congress representing illegal immigrants...who fighting stop invasion americans?,1,en
1094,257,max meeting spider dyke today!!,1,en
1095,643,lexi u must drugs ur behaving like faggot @url,1,en
1096,1001,time i've chinned club i've waiting 3 years hit harder next time faggot,0,en
1097,102,1. fear mongering refugees loitering international waters waiting labo,0,en
1098,885,know majority white? saying. sheesh. get grip. okay white. okay gay j @url,1,en
1099,951,mid 40's smelly psy blk mom trying send retard blk kid goons car nights sleepni camera yet nnreport,1,en
1100,1771,gameboy advanced opening screen mongoloid. @url,0,en
1101,4,@user mexican spic dora,1,en
1102,1508,laredo texas - border patrol agents respond 911 calls resulting rescue six male illegal aliens fou @url,0,en
1103,702,lol dva eat stuff kill someone retard _ yes i'm bad. @url,1,en
1104,243,i'm forced deal retarded people everyday.,1,en
1105,1394,leftist/marxist/dems went terrorist illegal aliens reduce tax burden americans bad trade deals exce @url,1,en
1106,614,happens white person checks calls spic .. like turn to?? @url,0,en
1107,542,@user @user @user hurry vote cunt,1,en
1108,919,@user @user mc raghead million times better,0,en
1109,1236,use violence spread ideology fucking retard. lost argument ha @url,1,en
1110,918,illegal organ harvesting rampant egypt refugees main target @url #africa #egypt #middleeast,1,en
1111,264,believe obligation stand immigrants state. -@user #ilgovforum,0,en
1112,818,good morning everyone parents retarded brother nigger,0,en
1113,10,@user fallait pad arriver en retard,1,en
1114,1267,@user he's maga trump republican moronic twat!,1,en
1115,498,picture someone calls another person mongoloid @url,1,en
1116,1924,@user seem care illegal immigrants dreamer criminal children indigenous black @url,0,en
1117,1299,another shooting. nit even surprise anymore shithole country values guns @url,0,en
1118,668,roses redni like ricenhello cuntn- harvey price,0,en
1119,1052,yakuza taught hate old men i'm gonna kick shit next old fucker see he's probably cunt,1,en
1120,388,@user laughed retarded man is.,1,en
1121,1442,i'm drunk i'm retarded,0,en
1122,1672,@user good,0,en
1123,1322,glad despicable trump fan magabomber quickly found. thanks director wray fbi.nnonly negative @url,0,en
1124,429,shit realized earlier: phrase okay white fisher-price version 14 words,1,en
1125,1926,usa morph heartless shithole country trump administration?n#votedemocrat n#votedem @url,0,en
1126,73,@user stop making gay u faggot,1,en
1127,738,shush nigger @url,1,en
1128,1640,@user nahhh im retard xd,1,en
1129,1557,@user @user @user dont like trump always go back country guest,0,en
1130,1883,@user negro shows really believe them. love meek...keep beautiful head up. king.,0,en
1131,684,person one say it. awful wetback spic ugh @url,1,en
1132,527,im playing comp game actual buns cunt 9 bangs riot shields gotta fucking go,1,en
1133,656,@user z facts non-eritreans disguised eritrean refugees echo coast coast z h europe @url,1,en
1134,898,went back home 20 yearsnwas dream live country retarded ignorant inbred monkeys @url,1,en
1135,121,@user i'm man still retard.,1,en
1136,970,i'm rated r retarded,1,en
1137,1068,im longer crying would like say wordsnnfuck shithole countrynfuck 'elite' univer @url,0,en
1138,1449,@user made complete twat today you?,1,en
1139,456,got chinaman's chance.,0,en
1140,214,amazing clean call today dancers  spic spoc ready weekend shows! @user ,0,en
1141,199,today's ridiculously vapid intolerant cunt-radiction brought letter currently ascender-transitio @url,1,en
1142,402,@user *insert ching chong ping pong meme ( hahaha funni funni' surname pronounced li @url,1,en
1143,1403,come serve young aplha #faggot ! #skype open danaillazarus@user #findom #cocky #rt #rtgame #paypig @url,0,en
1144,790,always pray world peace trying resolve issues surrounding migrants refugees.,0,en
1145,1249,like father like son. happy birthday mon negro et mon filleul.god.bless fam' @url,0,en
1146,400,@user i've asked secure border protect us citizens illegal aliens. never ans @url,1,en
1147,978,inbreed mongoloid americanized unamerican brazil military police government good shots got @url,0,en
1148,865,azerbaijan sucks want get hell country never come back shithole,0,en
1149,513,@user @user mongy humour,1,en
1150,472,listened shit lil spic  singing lyrics know @url,1,en
1151,464,meanwhile leftist globalist monsters trying blame hate crime trump too. know everyth @url,0,en
1152,924,@user @user people caravan sold bill goods escape shithole countries. @url,0,en
1153,1306,can't jam spic music ion want,1,en
1154,1056,never let ching chong nails,0,en
1155,1190,call faggot yeah i'm drinking tea,0,en
1156,1553,werent ravens wouldve quit watching nigger felon league years ago,1,en
1157,1344,@user @user @user @user how's work exactly refugees shithole countries @url,0,en
1158,15,doesnt right? negro default,1,en
1159,497,@user omg babe thank ,0,en
1160,291,like retweet comment instead replying it. quit faggot fucking reply next @url,1,en
1161,1408,@user brother faggot ass coward,1,en
1162,1753,@user maybe kp*ppies right field nigger,1,en
1163,84,anyways harry styles could call dirty spic id still munch asshole shame,1,en
1164,1490,@user he's cunt,1,en
1165,210,@user hey thought hated called retard???,1,en
1166,17,@user mean platonic dyke way @url,0,en
1167,1191,@user faggot cunt,1,en
1168,374,wonder times ppl retarded slow ,0,en
1169,745,amazing america called melting pot can't female president shithole countries can... hmm @url,0,en
1170,654,steve little cunt #thehauntingofhillhouse,1,en
1171,1482,@user cus mongol ,0,en
1172,622,worry shithole country quesadilla. @url,1,en
1173,1189,kept saying faggot left hhhhhh @url,0,en
1174,1374,@user dont impossible keep nightmare also looked like feminazi @url,1,en
1175,1162,want shithole country,1,en
1176,1787,negro betta keep shirt whole episode #htgawm,0,en
1177,541,landon romano gayshawnmendes battle title worst faggot,1,en
1178,1717,live retard called tanya. ok hi ,1,en
1179,1104,unless muslim mexican shithole country.nntrumpian hypocrisy unparalleled knows bou @url,1,en
1180,1452,see anymore shootings separating immigrants impeached prosecuted make clear,0,en
1181,1241,@user okay u dont comfort ive accepted im unnaturally small ur spic,0,en
1182,586,good thinking law enforcement spic uc honda accord eat shit say one word mind games fun th @url,0,en
1183,153,ces migrants qui veulent sinvestir pourleurope @url,0,en
1184,623,@user definition shithole country,1,en
1185,1700,hisoka faggot shit hands real @url,1,en
1186,572,colossal twat. @url,0,en
1187,418,@user @user expect anything mongol scum? @url,1,en
1188,97,@user mongy like,1,en
1189,1217,@user @user someones get negro wake call.,1,en
1190,1713,denola grey guy na faggot,1,en
1191,1794,@user bet cunt night banging away flute.,1,en
1192,771,someone remove mongy jude corrie makes wanna smash telly ,0,en
1193,1813,bbc news - nauru refugees: island,0,en
1194,1454,hello justin bieber-i say ching chong nippon sometimes,1,en
1195,659,officials created sanctuary cities illegal aliens held responsible criminal @url,1,en
1196,1816,@user perhaps. regardless attack global south's refugees dont want non violent felons @url,0,en
1197,1827,lmaoooooo ni que pelo negro yall wildin en serio @url,0,en
1198,1294,#sondage #france #migrants,0,en
1199,282,similarly white supremacists saying okay white making innocent statement white people @url,1,en
1200,805,awful man faggot homophobe @url,1,en
1201,1619,keep mind im negro,1,en
1202,1180,@user mongy jonny come lately doubt. remember going 2010 3-400 home fan @url,0,en
1203,528,right cuz people fleeing shithole countries made sure pack iphones could check tw @url,1,en
1204,531,maybe lardio nigger,1,en
1205,1659,think spic picture,1,en
1206,872,@user cant figure anyone ever said wasnt okay white? mean always @url,0,en
1207,332,@user @user aggressive toward best girl fucking mongoloid,1,en
1208,111,gentle reminder: atrocities nation states fix accept refugees yours.,0,en
1209,1199,bro got called early theres delivery lol run fat sweaty balls bosses stinky stink face faggot,1,en
1210,862,really wish chinaman blown dog gamergate,0,en
1211,581,@user fuck retard,1,en
1212,1238,@user worry us europe become communists even countries immigrants @url,1,en
1213,1768,oh fucking twat.,1,en
1214,971,people listen korean shit bts ching chong dont even understand lyrics plus theyre overrated asf dont @user,0,en
1215,1221,@user @user cameroun condemned shithole country ruled vegetables intellectually defunct minds.,0,en
1216,1576,cut hair short far families called dyke pelona soldier walter mercado,0,en
1217,1161,marketbuy lowcap trash like retard?nnyes.nndid feel good?nnyes.nnwill get rekt?nnyes.,0,en
1218,258,@user interestingly vanessa beeley mostly re-tweets vanessa beeley like narcissistic conspiracy theoris @url,0,en
1219,837,@user @user got banned calling terf retard apparently okay,1,en
1220,387,@user went full retard never go full retard @url,0,en
1221,1326,@user im spic making choose two dead people wanna gotta die 4ever,0,en
1222,876,could pompous arrogant twat ever run country? @url,1,en
1223,233,@user @user @user dont compare us mongol nation. u compare ur nation kur @url,1,en
1224,1061,cant believe fell love girl calls faggot ,1,en
1225,1216,@user @user fact guys bio reads shithole countries shows small @url,1,en
1226,1605,twat wasted time. good work ethic get job let alone try supervisor wtf,1,en
1227,652,country 68 parties 68 presidential candidates vying one office shithole country @url,0,en
1228,657,@user english soup taker,0,en
1229,149,mongoloid's response @user pointing trump attempt president @url,1,en
1230,1742,@user go finish sentence mongol,1,en
1231,1193,listening watching kwame nkrumah's achievement country africa large media hubs @url,0,en
1232,306,retarded looking disturbed lunatic.nthrow ocean brick tied ankle. nnfood fis @url,1,en
1233,600,torba exactly kind autistic retard would make thinly veiled brag tweet many hits webs @url,0,en
1234,551,deaf blind retarded... leave alone @url,1,en
1235,793,mdr macron demolit la franceaccepte le terrorismeles migrantsnon se serra pas lui qui protegera la france et le @url,1,en
1236,345,@user good luck semi day ya hibs cunt,1,en
1237,1915,@user @user @user @user @user @user @user @user @url,0,en
1238,1367,@user @user twat,1,en
1239,143,@user wtf saying? cause shithole countries collapse. example destroying @url,1,en
1240,263,@user literally 5 minutes vote twat farage said good morning britain 350million thing lie.,1,en
1241,1807,ugly plz kys faggot _  @url,0,en
1242,1142,coach fucking retard. @user,0,en
1243,1445,make sure place least spic span inviting leo over.,0,en
1244,496,hate every cunt planet swear,1,en
1245,299,#soberanalysis nshould viralnmsm gone full retard. @url,1,en
1246,384,adding saying ching chong im asian doesnt mean say it. arrogant non-asians think say?,0,en
1247,483,going let trump turn america violent shithole country?,1,en
1248,1677,dnd headcannons:n1: elvish sounds like frenchn2: orcish warbands work like mongol raidsn3: wood elves high elve @url,0,en
1249,1245,@user they're gonna tell shut spic,1,en
1250,1121,dumb fucks leave facts mongoloid race came north america thousands years. b @url,0,en
1251,1842,@user qs s'est comme merkel et tous les autres en europe aime les migrants hommes seulement pour venir c @url,0,en
1252,782,@user wanna kill em raghead style pour acid shove razor wire ass that's th @url,0,en
1253,1556,hey @user learn live without @user @user @user @user @user @user @user @url,0,en
1254,1550,@user western civilization friendly accept it. west tried go shithole countries would genocided,1,en
1255,986,@user wealthy cunt addressing population reduced penury master plan kicks in...,0,en
1256,983,@user @user #cadet_bone_spursnhere stand spic span.nwhere vietnam? @url,0,en
1257,615,who's retard epic thought monsters good idea,1,en
1258,308,ready accept fate fucking cunt made way,0,en
1259,1638,@user thieving twat stole phone im using phone 10 years ago can't @url,1,en
1260,1066,faggot...i forget,1,en
1261,896,@user ooga booga chinaman?,1,en
1262,1906,also cho chang last names thanks picking slight variation ching chong one @url,1,en
1263,1038,@user @user @user @user @user @user btg compromise help edu @url,0,en
1264,473,nigga ga really tell thought dyke twitter profile...,1,en
1265,171,who's serving today faggot #findom,1,en
1266,1092,@user think twat  @url,1,en
1267,239,give bite nigger,1,en
1268,335,tweeting asking time awful cunt!!!! #jussayin,1,en
1269,1919,intellectual terrorist,0,en
1270,708,spineless twat @url,1,en
1271,1123,ching chong china ching chong best,0,en
1272,49,enough enough! @user cancel scheduled testimony lying feminazi ford needs @url,1,en
1273,259,remember drink + gamble responsibly otherwise end like twat gn @url,1,en
1274,1525,think might shithole country. disgusted horrible events synagogue.,1,en
1275,1718,@user can't serious! daddy's fault twat. living lala land. make sick. #fucktrumps,1,en
1276,1650,@user can't honestly asshole you? shithole countries past italy @url,1,en
1277,982,coming broadway season robust mongoloid: musical.,0,en
1278,1395,good news...but...look deeper trend prognosis remains critical! poaching falls quarter @url,0,en
1279,209,@user soulless fucking twat.,1,en
1280,1917,supra fucking faggot,0,en
1281,948,sometimes talk right blessing. thats negro blocked @url,1,en
1282,1674,@user @user @user breh chillll ever south before? dont use slang negro? io @url,0,en
1283,504,@user country invaders turn dystopian shithole? ,0,en
1284,510,@user lmaooo cunt,1,en
1285,1518,sound like lil hoes beg'n another man smoke weed. faggot ass mf'z.,0,en
1286,184,@user @user front group abetting flocking illegal aliens country. good riddance.,0,en
1287,1305,@user guys gotta clean up. gonna rot bring disease.,1,en
1288,1420,@user deff nigger wine,1,en
1289,159,@user think lil corrected fucking retarded i'm losing brain cells @url,1,en
1290,890,go today (was lazy) cleaned place huhuhu feels nice seeing spic span esp carpet! @url,0,en
1291,179,@user see faggot floor,1,en
1292,283,anyone getting pissed man u fans one tweet need stand down. one stupid twat looking fame. @url,0,en
1293,495,update: #bucks 6-0 manny machado still twat.,1,en
1294,1172,fucking bad cheeesus.. self righteous cunt. @url,1,en
1295,961,fucking dumbass mongoloid calls asshole breath wanna pay tax bag nno k p l,1,en
1296,1603,@user @user recommend 1. stop getting involved #shithole countries wars 2. bring back us troops fr @url,1,en
1297,1760,retard sat next started playing eminem's new album,1,en
1298,1673,brisbane roar fucking score cunt,0,en
1299,1545,keemstar fucking cunt,0,en
1300,901,females look retarded keep taking back nigga clearly want,1,en
1301,357,feminazi fake news @url,0,en
1302,1859,bad nigger,0,en
1303,443,@user .... roofe pen either?nnfuck cunt.nnwe enough win game. fact we're takin @url,1,en
1304,802,worry illegal aliens criminals worst human world #leaderofthefreeworld,0,en
1305,1697,@user @user @user @user quit @user fucking twat. wanna selective reading @url,0,en
1306,1428,best tweet time! fuck spic countries! @url,1,en
1307,707,got asian bitch like ching chong,1,en
1308,1698,@user @user plateado con azulnegro etc.,0,en
1309,116,truly fucking baffles people genuinely fucking think saying ching chong ling lang ding actuall @url,0,en
1310,830,@user little nigger make moooves,1,en
1311,836,white wanna dress spic halloween go ahead give two shits. real mexicans laug @url,0,en
1312,1568,anytime anyone says fag faggot casually ask 6th grade going. like really still calling people 2018 lmao,1,en
1313,448,bro ! tweeted caught. border line retard conned fedsnn@url,0,en
1314,491,fucking retarded think ok flirt guys girlfriends mat @url,1,en
1315,85,he's right... lets kick every alt-right retard da balls... got noth'n anything. nfree shot @url,1,en
1316,1733,always one cunt fucking hate,1,en
1317,537,@user @user bts: *performs kpop song*nantis: people idolize ching chong group cant even un @url,1,en
1318,1243,eenie meenie mine mo catch nigger toe. hollers make pay twenty dollars every day.,0,en
1319,732,low iq: spic?nnavg iq: false flagnnhigh iq: paint hair head? @url,1,en
1320,1549,could snivel unfolding interiority mentally retarded,0,en
1321,717,@user @user get country raghead,1,en
1322,48,wayne collab decaying negro,1,en
1323,1312,call faggot tranny want cameron kai we're trans gay @url,1,en
1324,823,@user rosie o'donnell: ching chong ping pong wing wong... cool- chinese friends. cool. &lt;-- @url,1,en
1325,417,@user @user stfu faggot,1,en
1326,486,trying help people i'm literally dumbass cunt can't help shit,1,en
1327,1284,@user retarded nihilist,1,en
1328,1196,attention: shithole countries coming nice,1,en
1329,1473,@user low iq ghanese enjoy shithole country built kept geniuses.,1,en
1330,1055,chuck person: eccojam a1 @url #opn #toto @url venue play africa toto @url,1,en
1331,181,@user let's kid ourselves. nonwhite country 99% chance third world shithole one vote.,1,en
1332,1617,@user good job tho honestly. retarded friends terrible play with.,1,en
1333,1695,@user @user wish live shithole country could buy cool t-shirts well.,1,en
1334,1523,many persons bring disease upon self-indulgence. lived ac @url,0,en
1335,882,criss cross arm dance little white boys love new way calling someone faggot,0,en
1336,807,@user know related @user retarded steven. stay wall bruh!!,1,en
1337,705,@user like make known n shit.. i'm better playing spic pot head who's getting ,1,en
1338,105,dave roberts certified retard,1,en
1339,1670,yesterday kfc first time let tell you. straight die giving spicy f @url,0,en
1340,1398,there's anti-semitism present virulent every community leftist far right conservative christi @url,0,en
1341,1422,@user @user @user armo spic lmao fuck i'm done ,1,en
1342,981,jay inslee reptile faggot @url,1,en
1343,1090,@user typical liberals party tolerance women blacks illegal aliens whateve @url,1,en
1344,526,@user @user people shithole countries come here? - trump nnhe @url,1,en
1345,1833,spic queens tryna go live rancho run drug smuggling operation w,0,en
1346,1922,@user aryan nations? 2002 lost whole organization retard went th @url,1,en
1347,1836,despicable #zionazi bastards. nn#bds #freepalestine #freegaza #idfcowards #satanyahu #zionists #israel @url,1,en
1348,440,takes guts stand rights appear retarded.,1,en
1349,1858,pruitt retarded. aight?,1,en
1350,455,@user @user i've using mongoloid lot lately. imbecilic really punch i' @url,1,en
1351,1871,negra novinha cavalgando negro pauzudo,1,en
1352,46,@user thanks spic,1,en
1353,1654,fact wire wood young elf refugees.,0,en
1354,477,@user no. accepting integration illegal aliens communities.,1,en
1355,38,@user @user dont take allegations seriously thats feminazi brainwashing. see is. context everything.,1,en
1356,1913,@user they're alright tbf seem attract mongy element gigs,1,en
