,Unnamed: 0,Unnamed: 0.1,text,label,lang,translated
0,0,306,Es gibt keine #rapefugees,0,de,There are no #rapefugees  
1,1,319,#rapefugees raus aus Preußen!,1,de,#rapefugees out of Prussia!  
2,2,104,"In Zeiten, in der #Rotherham möglich ist, muss jeder einsehen, dass die #Islamisierung bereits stattgefunden hat!",0,de,"At times when #Rotherham is possible, everyone must see that #Islamization has already taken place!  "
3,3,278,Nicht alle #Sachsen wollen keine #Asylanten. #Tillich + #Gabriel hetzt über eigene Landsleute. Politikdarsteller sind beschämend,0,de,Not all #Saxony don't want #Asylum seekers. #Tillich + #Gabriel rushes over his own countrymen. Political actors are shameful  
4,4,258,"Wir bekommen #Asylanten aufgedrückt, wir bekommen #TTIP vorgesetzt, müssen übelste moderne Propaganda in den Medien ertragen. Wie weit noch?",0,de,"We get # asylum seekers, we get #TTIP put up with, have to endure the worst modern propaganda in the media. How far?  "
5,5,44,"Das #Griechenland,das jetzt alle Beschlüsse zu #Asylanten blockieren will is aber nicht das Land,das quartalsweise Milliarden schnorrt,oder?",0,de,"The # Greece that now wants to block all decisions on # asylum seekers is not the country that billions billions quarterly, right?  "
6,6,20,"Luxushotels werden in #Asylanten Unterkünfte  umfunktioniert , #Deutsche müssen in primitiven heruntergekommenen  Slums leben.#annewill #ARD",0,de,"Luxury hotels are converted into #asylum accommodation, #germans have to live in primitive, run-down slums. # Annewill #ARD  "
7,7,46,"Perlen aus der Redaktionskonferenz - heute Idee für Buchtitel: """"Das Wunder von #Dresden - #Islamisierung ohne Muslime"""" #NoPegida #NoLegida",0,de,"Pearls from the editorial conference - today an idea for book titles: """" The miracle of #Dresden - #Islamization without Muslims """" #NoPegida #NoLegida  "
8,8,312,"#Flüchtlinge & ´#Asylanten  sind perverse #Kinderschänder die jeden Tag in #Deutschland, skrupelos #Frauen & #Kinder vergewaltigen.",1,de,# Refugees & ´ # asylum seekers are perverted # child molesters who rape #Germany #Women & #children every day in #Germany.  
9,9,291,"würden deutsche Soldaten nicht decken an #asylanten verteilen, könnten sie helfen die EU aussengrenze zu bewachen! #merkel rafft das nicht",0,de,"if German soldiers didn't distribute blankets to #asylum seekers, they could help guard the EU's external border! #merkel doesn't get it  "
10,10,339,"Bin gester 2 #Asylanten begegnet beide voll bis oben hin,kamen aus #Afghanistan saufen scheinbar täglich gegen die Langeweile #Fluechtlinge",0,de,"Yesterday I met # 2 asylum seekers fully up to the top, came from #Afghanistan apparently drinking daily against the boredom # Refugees  "
11,11,147,"#schweinefleisch für alle #Flüchtlinge und #Asylanten. Wer saufen kann und Kinder vergewaltigen, braucht keine extra """"Wurst"""" ..Fuck Refugges",1,de,"# pork for all # refugees and # asylum seekers. If you can drink and rape children, you don't need an extra ""sausage"" ..Fuck Refugges  "
12,12,260,"Schleichende #islamisierung """"aus Rücksicht""""kein Schweinefl. Was als nächstes? Frauen, Ungläubige verbannen?#Schweinefleischpflicht sinnvoll",1,de,"Creeping #Islamization """" out of consideration """" no pork fl What next? Banish women, infidels? #Pork obligation makes sense  "
13,13,203,Eine europäische Lösung wird es NICHT geben. Merkel greift nach einem Strohhalm den es nicht gibt.. #Orban #merkel #cdu #rapefugees #cdu,0,de,There will be no European solution. Merkel reaches for a straw that does not exist .. #Orban #merkel #cdu #rapefugees #cdu  
14,14,347,"Schuldige an dem „Flüchtlingsdrama“ konnte endlich identifiziert werden, die Russen sind Schuld, sagt Merkel! #Asylanten #Merkel #BRD",0,de,"Guilty of the ""refugee drama"" could finally be identified, the Russians are to blame, says Merkel! #Asylum seekers #Merkel #BRD  "
15,15,284,"Ich werde #Gutmensch!Seid ihr geschockt?Ich stehe am Flughafen und winke den abreisenden abgelehnt. #Asylanten,und wünsche einen guten Flug.",0,de,"I'm going to be #Good man! Are you shocked? # Asylum seekers, and wish you a good flight.  "
16,16,144,"Unsere Regierung hat den Rotkäppchenkomplex,fütter lieber den Wolf(kriminelle #Asylanten),als die Großmutter(das eigene #Volk) #Merkel #CDU",0,de,"Our government has the Little Red Riding Hood complex, prefers to feed the wolf (criminal #asylum seekers) than the grandmother (their #people) #Merkel #CDU  "
17,17,15,Nach den Wahlen werden wir #Griechenland riesige #Asylanten-Kontingente abnehmen. Wetten?#AnneWill,0,de,After the elections we will take #Greece # huge asylum contingents. Bet? #AnneWill  
18,18,311,#asylanten Wirtschaftsverbände stehen hinter Merkel-klar-pro Jahr+1 Mio Konsumenten.Arbeit billig.Die Kasse klingelt. Bezahlung garantiert,0,de,# Asylum seekers' associations stand behind Merkel-Klar-per year + 1 million consumers. Work cheaply. The cash register rings. Payment guaranteed  
19,19,129,"Was wurde eigentlich aus der Geschichte mit den """"syrischen Ärzten""""? Die #Rapefugees sind ja wohl wahrlich keine Gynäkologen.",1,de,"What happened to the story with the """" Syrian doctors """"? The #Rapefugees are probably not gynecologists.  "
20,20,352,"Die #Industrie hofft ja immer noch auf den #Facharbeiter unter den #Refugees. Ja, die Hoffnung stirbt zuletzt. #refugeesNOTwelcome",0,de,"The #industry still hopes for the # skilled worker among the #Refugees. Yes, hope dies last. #refugeesNOTwelcome  "
21,21,119,#spd fordert auch Unterstützung für arme Deutsche und nicht nur für #asylanten. Abgelehnt! das ist die #cdu von heute.,0,de,#spd also demands support for poor Germans and not only for #asylum seekers. Declined! this is today's #cdu.  
22,22,22,Ausnahmen beim #Mindestlohn sind auch überhaupt nicht mit der #Scharia vereinbar wenn #Moslems betroffen sind. #SPD #CDU #Deutschland,0,de,Exceptions to the #Minimum wage are also not at all compatible with the #Shariah if #Moslems are affected. #SPD #CDU #Germany  
23,23,73,Wenn Ihr #Deutschland so scheiße findet warum wollt Ihr dann möglichst vielen #Asylanten zumuten hier zu leben?,0,de,"If you find #Germany so shitty, why do you want to expect as many asylum seekers to live here?  "
24,24,290,FR hat Teile des #Invasoren lagers #Calais geräumt / GR wird Invasorenlager #Idomeni räumen. Besser spät als nie. #Rapefugees #Invasion,0,de,FR has cleared parts of the #invasor camp #Calais / GR will clear invaders camp #Idomeni. Better late than never. #Rapefugees #Invasion  
25,25,194,#Merkel ist jetzt in der #Türkei. Schnell die Grenzen schließen und die Frau nicht mehr reinlassen! #abmerkeln #refugeesNOTwelcome,0,de,#Merkel is now in # Turkey. Quickly close the borders and no longer let the woman in! # note #refugeesNOTwelcome  
26,26,149,#Islamisierung Wollen wir eigentlich die unübersehbar stattfindende  Islamisierung Deutschlands. Oder hat Pegida nicht doch recht?,0,de,#Islamization Do we really want the clearly visible Islamization of Germany? Or isn't Pegida right?  
27,27,321,"#hjartaberfair #Österreich will Sozialsysteme mit #Asylanten nicht überlasten. Korrekt, was D nicht begreift und Bürgern schadet",0,de,#hjartaberfair # Austria does not want to overload social systems with #asylum seekers. Correct what D doesn't understand and harms citizens  
28,28,205,"Soll der neue Begriff #Asylsuchende jetzt mehr Mitleid hervorrufen als #Asylanten, #Asylbewerber, #Migranten oder #illegaleEinwanderer?",0,de,"Should the new term #asylum seekers now cause more pity than #asylum seekers, #asylum seekers, #migrants or #illegal immigrants?  "
29,29,320,"von einem Turkmenen sexuell missbraucht, x-mal minderjährige Mädchen von #rapefugees sexuell belästigt. #Kiel 2016! #islam #sophienhof [2/2]",1,de,"sexually abused by a Turkmen, sexually harassed underage girls by #rapefugees. #Kiel 2016! #islam #sophienhof [2/2]  "
30,30,59,"Nur, weil's 100mal gesagt wurde, ist es nicht falsch: Ab der Türkei sind Syrer u Iraker keine Flüchtlinge mehr! #refugeesnotwelcome",0,de,Just because it was said 100 times is not wrong: Syrians and Iraqis are no longer refugees from Turkey! #refugeesnotwelcome  
31,31,95,In jeder Stadt sind jetzt tausende neue Muslime!Millionen Muslime brauchen Gebetsräume!Bald werden tausende Moscheen gebaut! #Islamisierung!,0,de,There are now thousands of new Muslims in every city! Millions of Muslims need prayer rooms! Soon thousands of mosques will be built! #Islamisierung!  
32,32,165,#rapefugees laufen sich langsam warm. Kölnerin wird von Flüchtling vergewaltigt. #Obergrenze #armlänge #alaaf #Karneval,1,de,#rapefugees are slowly warming up. Cologne woman is raped by refugee. # Upper limit # Arm length #alaaf #Carnival  
33,33,208,#Frankreich macht ja schon Grenzkontrollen. Haben die wirtschaftliche Einbußen? Nö. #Grenzenzu #FestungEuropa #refugees #refugeesNOTwelcome,0,de,#France is already doing border controls. Do the economic losses? Nope. #Border to #FestungEuropa #refugees #refugeesNOTwelcome  
34,34,214,#ZDFzoom #Flüchtlinge #asylanten diese Reportage sollte ein MUSS sein für Interessierte! 1000 Dank an Frau #Knobel-Ulrich u ZDF,0,de,#ZDFzoom # Refugees # Asylum seekers this report should be a MUST for those interested! 1000 thanks to Mrs. # Knobel-Ulrich u ZDF  
35,35,349,Asylpaket 2..Alles Pseudo Vorschläge um die kommenden Wahlen zu beeinflussen..#Merkel mehr Schein als sein!!! #asylanten,0,de,Asylum package 2. All pseudo suggestions to influence the upcoming elections .. # Merkel more pretense than his !!! #asylanten  
36,36,4,745 Millionen Menschen leben in #Europa. Ca. 4 Millionen #Flüchtlinge bereiten da Kopfzerbrechen? #Rassisten sprechen von #Islamisierung?!,0,de,745 million people live in #Europe. Approximately 4 million # refugees are worrying? #Racists speak of #Islamization ?!  
37,37,72,"Die #Islamisierung des #Abendlandes ist die schlimmste Krise der Gegenwart, die zu lösen ist, durch Zürückdrängung des #Islam in die Wüste.",1,de,The #Islamization of the #Evening country is the worst present-day crisis to be solved by pushing #Islam back into the desert.  
38,38,128,"Dank #merkel: mehr #asylanten, mehr Türken, mehr Ausgaben, Türkei kommt in EU. wir verlieren nur noch mit merkel. #cdu abwahl!",0,de,"Thanks to #merkel: more #asylanten, more Turks, more expenses, Turkey is coming to the EU. we only lose with merkel. #cdu deselection!  "
39,39,231,#cdu kapiert es nicht! Alle in europa ausser cdu von #merkel wollen keine #asylanten. sichert die aussengrenze oder EU und merkel sind tot,1,de,#cdu doesn't get it! Everyone in Europe except cdu from #merkel don't want #asylanten. secures the external border or EU and Merkel are dead  
40,40,115,"#amnestyinternational heult 1h wie schrecklich D ist, um dann alle #asylanten der Welt zu uns zu bringen. ist das kein  linksfaschismus?",0,de,#amnestyinternational howls 1h how terrible D is to bring all the #asylants in the world to us. isn't that left fascism?  
41,41,145,Friedlicher #Karneval und nach wie vor keine #Islamisierung. Läuft bei uns mit der #Integration. Da erblassen andere Länder vor Neid.,0,de,Peaceful # carnival and still no #Islamization. Runs with us with #integration. Other countries go green with envy.  
42,42,345,EU #Grüne wollen Europa mit #asylanten fluten und steuerzahler ausbluten lassen. Diese Partei gehört verboten!,0,de,EU # Greens want to flood Europe with #asylum seekers and let taxpayers bleed to death. This party is forbidden!  
43,43,230,#rtl berichtet jetzt über gewalttätige #asylanten #refugees,0,de,#rtl now reports on violent #asylanten #refugees  
44,44,346,"Kein Fußball den Faschisten"""" aber auch keine #Regierung für Idioten.Kritiker einer #islamisierung als Nazis diffamieren,ist Linksfaschismus",0,de,"No soccer ball """" but also no #government for idiots. Criticizing #islamization as Nazis is leftist fascism  "
45,45,334,War grade wieder ein hart verdienten Kaffee an ner Tankstelle trinken da kamen gut gebaute #Asylanten rein und kauften Bier und Zigaretten,0,de,"Was just drinking hard-earned coffee at a gas station, well-built #asylum seekers came in and bought beer and cigarettes  "
46,46,105,#DeutscheBank sagt #Asylanten helfen der Wirtschaft.Die Kompetenz von denen kann man übrigens an ihren Geschäftszahlen ablesen.,0,de,#DeutscheBank says #Asylum seekers help the economy. You can see their competence from their business figures.  
47,47,53,"Ein Soldat, der gegen Flüchtlinge ist und u.a. #rapefugees nutzt, kritisiert meine Tweets zu #InTheBox - Patridiot mit Gewehr. Na toll.",0,de,"A soldier who is against refugees and among others #rapefugees uses, criticizes my tweets about #InTheBox - Patridiot with rifle. Great.  "
48,48,177,"#Lanz ich staune auch, mit welcher Leidenschaft  die #Islamisierung in #Deutschland verteidigt wird!!",0,de,#Lance I'm also amazed at the passion with which #Islamization is defended in #Germany !!  
49,49,228,Alleinherrscher #Putin wird mit Sanktionen belegt-Diktator #Erdogan werden alle Erpressungswünsche erfüllt! Klasse #Merkel #Asylanten,0,de,Sole ruler #Putin is subject to sanctions - dictator #Erdogan all blackmail requests are fulfilled! Class #Merkel #Asylum seekers  
50,50,342,"Die 1.000.000 Einheimischen, die in Österreich an der Armutsgrenze leben, dürfen nicht durch die Integration der #Asylanten geopfert werden.",0,de,"The 1,000,000 locals who live on the poverty line in Austria must not be sacrificed by the integration of the #asylum seekers.  "
51,51,191,Respekt! Der Türke zieht in Deutschland eine Moschee nach der nächsten hoch. So gewinnt man! #Islamisierung,0,de,Respect! The Turk pulls up one mosque after another in Germany. How to win! #Islamisierung  
52,52,216,Unterhaltsam die Metamorphose v #Gutmenschen zu #besorgteBürger zu beobachten wenn neben der Schule der Tochter ein #Asylanten-Heim entsteht,0,de,Entertaining to watch the metamorphosis from #Good people to # concerned citizens when a # asylum seekers' home is built next to the daughter's school  
53,53,280,#Flüchtlinge in #Clausnitz filmten mit Handys & provozierten mit Stinkefingern. #clausnitz2002 #Sachsen #Flüchtlingskrise #Asylanten,0,de,# Refugees in #Clausnitz filmed with cell phones & provoked with smelly fingers. # clausnitz2002 #Saxony # refugee crisis #asylum seekers  
54,54,123,"Gegner von #Asylanten mit #Nazis gleichzusetzen, ist einfach falsch! Das verharmlost doch nur das NS-Regime!#clausnitz #Bautzen #Deutschland",0,de,Equating opponents of #asylum seekers with #Nazis is simply wrong! That only trivializes the Nazi regime! #Clausnitz #Bautzen #Germany  
55,55,195,Das nächste mal vertecke ich #rapefugees in ihrer Torte sie dumme Nazi sau #tortalerkrieg,0,de,"The next time I'll hide #rapefugees in their cake, they stupid Nazi sau #tortalerkrieg  "
56,56,248,"Die #afd wird in den nächsten Jahren auf über 25% kommen,warum?Weil eure #Asylanten euch zeigen werden wie freundlich Sie wirklich sind!#afd",0,de,"The #afd will reach over 25% in the next few years, why? Because your #asylum seekers will show you how friendly you really are! #Afd  "
57,57,270,"unter den #Fluchtlinge & #Asylanten gibt es doch angeblich keine Terroristen,sollen doch nur Fachkräfte,Ärzte&Ingenieure sein.",0,de,"There are supposedly no terrorists among the # Refugees & #Asylum seekers, but are supposed to be only specialists, doctors & engineers.  "
58,58,148,"#Asylpaket2 endlich beschlossene Sache, wir werden sehen ob damit die #Asylflut eingedämmt wird #Flüchtlinge #Flüchtlingspolitik #Asylanten",0,de,"# Asylum package2 finally decided thing, we will see whether it will contain the #asylum flood # refugees # refugee policy #asylum seekers  "
59,59,30,#schweden in bürgerkriegsartigen Zuständen! eine lasche konservative und eine irre sozialistische Regierung fluten das Land mit #asylanten,0,de,#sweden in civil war-like conditions! a lax conservative and a mad socialist government flood the country with #asylum seekers  
60,60,302,Ich zahle in einem christlichen Land jeden Monat ne Menge Kirchensteuer.Wofür?Damit ich immer mehr Muezzin-Rufe höre! #asyl #Islamisierung,0,de,"I pay a lot of church tax every month in a Christian country, for what? So that I hear more and more muezzin calls! #asyl #Islamization  "
61,61,120,"#Köln   Wieder SEXUELLE ÜBERGRIFFE  in Köln.:  #Asylanten attakieren in Schwimmbad jugendliche Mädchen und bekommen daraufhin """"Hausverbot""""",0,de,"# Cologne SEXUAL ATTACKS again in Cologne .: # Asylum seekers attack young girls in swimming pool and then get """" house ban """"  "
62,62,111,nach den Landtagswahlen wird am 14.3. sicher die #benzinabgabe eingeführt! Deutsche zahlen Rekordsteuern für #asylanten in hängematte!,0,de,after the state elections on March 14. certainly introduced the #benzinabgabe! Germans pay record taxes for #asylum seekers in a hammock!  
63,63,12,"Gratis Häuser,Wohnungen,Handys u. Öffitickets #Mindestsicherung, Straffreiheit, Vorreihung in Ambulanzen, Schlaraffenland Ö #ZIB2 #Asylanten",0,de,"Free houses, apartments, cell phones and more. Public transport tickets #Minimum security, impunity, first in ambulances, land of milk and honey Ö # ZIB2 #Asylum seekers  "
64,64,318,#AnneWill Die #Merkel schafft sich ab. Sie labert nur Mist! #refugees #refugeesNOTwelcome #refugeesgohome #Merkelmussweg,0,de,#AnneWill The #Merkel does away with itself. She's just chatting! #refugees #refugeesNOTwelcome #refugeesgohome #Merkelmussweg  
65,65,343,#cdu will Mindestlohn für #asylanten aussetzen. dann nehmen asylanten deutschen Arbeit weg weil sie billig sind! #afd wählen. #merkelmussweg,0,de,#cdu wants to suspend minimum wages for #asylum seekers. then take away asylum seekers from Germany because they are cheap! Choose #afd. #merkelmussweg  
66,66,185,"#Asylanten: #EU #Gipfel: Ist das eine #Merkel Show, die nun Millarden an d.#Türkei anweisen will u. die Visumpflicht auch gleich abschafft?!",0,de,"#Asylum seekers: #EU #Gipfel: Is this a #Merkel show, which now wants to instruct billions on # Turkey and u. abolish the visa requirement ?!  "
67,67,268,"#regierung #merkel betreibt eine verlogene Migrationspolitik vs eigene Bevölkerung,die die #islamisierung weiter beschleunigt! #abmerkeln",0,de,"#regierung #merkel pursues a hypocritical migration policy vs. its own population, which further accelerates #islamization! #abmerkeln  "
68,68,64,#oecd schätzt Wachstum von D in den nächsten Jahren viel schwächer ein als erwartet. wo ist der Boom durch #asylanten außer bei schulden?,0,de,#oecd expects growth of D to be much weaker than expected in the next few years. where is the #asylanten boom except for debt?  
69,69,32,Wenn ich mir den Mond gerade so anschaue: Die #Islamisierung des Abendlandes ist doch schon längst durch!,0,de,When I look at the moon like this: The #Islamization of the West is long gone!  
70,70,141,Das deutsche #Nazi Pack muss sich irgendwann entscheiden. #KlappeHalten oder mal ernsthaften #Widerstand leisten.#WirSchaffenDas #rapefugees,0,de,The German #Nazi Pack has to decide at some point. #Shut up or take serious #resistance. #We can do it #rapefugees  
71,71,315,Bei jedem Auftritt eines #Asylanten oder Migranten kommt diese gespielte Hysterie der Sozis. Die realisieren so langsam ihren Machtverlust.,0,de,With every appearance of a #asylum seeker or migrant comes this mock social hysteria. They are slowly realizing their loss of power.  
72,72,67,Ca. 70.000 Syrer fliehen vor Kämpfen. Warum KÄMPFT ihr nicht endlich für Euer Land? #refugeesNOTwelcome #fluechtlinge,0,de,"Approximately 70,000 Syrians flee fighting. Why don't you finally FIGHT for your country? #refugeesNOTwelcome # refugees  "
73,73,158,#scharia in # Deutschland?  Werden die Kölner Kulturtänzer demnächst handlos? Dann berufsunfähige Frührentner? Fragen über Fragen,0,de,#scharia in # Germany? Will the Cologne culture dancers soon be handless? Then early retirees unable to work? Questions after questions  
74,74,131,Pseudo #Sturmwarnung in #NRW zum Schutz deutscher Frauen vor  #rapefugees um #Jäger  den Arsch zu retten?  #Düsseldorf  #Karneval,0,de,Pseudo #storm warning in #NRW to protect German women from #rapefugees to save # hunters' ass? # Düsseldorf # Carnival  
75,75,62,"Ob #Asylanten wohl mitbekommen,  daß #linke, #gutmenschen, #antifa, die Deutsche  Nation, zerstören wollen? ?",0,de,"Do # asylum seekers notice that #linke, #gutmenschen, #antifa, want to destroy the German nation? ?  "
76,76,28,#besorgteGutmenschen regen sich auf :  #Khaled - von #Asylanten getötet. #LaGeSo-Toter - #Moabithilft Ente #Handgranate - warfen #Migranten,1,de,# concerned people are upset: # Khaled - killed by # asylum seekers. # LaGeSo-dead - #Moabithilfe duck #hand grenade - threw #migrants  
77,77,130,Der deutsche wurde 70 Jahre lang dazu erzogen den Mund zu halten! Schluss damit!#refugeesnotwelcome #Wir sind das Volk #AfD #merkelmussweg,0,de,The German was brought up to shut up for 70 years! No more! #Refugeesnotwelcome #We are the people #AfD # Merkelmussweg  
78,78,65,"Mecklenburg-Vorpommern  21.01.2016  SPD 28 % AfD 5 %,  16.02.2016 SPD 22 % AfD 16 %  #Bereicherung #Flüchtlinge #SPD #Islamisierung",0,de,"Mecklenburg-Western Pomerania 21.01.2016 SPD 28% AfD 5%, 16.02.2016 SPD 22% AfD 16% #enrichment # refugees #SPD #Islamization  "
79,79,135,"Warum spenden #Grüne, #cdu und #spd nicht ihr Einkommen für #asylanten? weil sich das Geld anderer Menschen leichter ausgeben läßt!",0,de,"Why don't # Greens, #cdu and #spd donate their income to #asylum seekers? because other people's money is easier to spend!  "
80,80,273,Ich will diese muslimische #Invasion hier nicht! Ich will keine #Asylschmarotzer #Krimigranten und #Rapefugees! Ich will nicht!!,1,de,I don't want this Muslim #invasion here! I don't want #Asylum parasites #Crime migrants and #Rapefugees! I do not want!!  
81,81,210,Mit #Scharia können #Merkel und #Siggi erst recht durchregieren . #Groko,0,de,"With #Shariah, #Merkel and #Siggi can really rule through. #Groko  "
82,82,36,"Keine Schnittmenge zwischen #NPD und #AfD? Funny … #Euro? #Asylanten? #Islam? #Familie? Es gibt die Schnittmenge, die #AfD gibt sie nicht zu",0,de,"No intersection between #NPD and #AfD? Funny ... #Euro? #Asylanten? #Islam? #Family? There is an intersection, the #AfD does not admit it  "
83,83,48,"Ich habe bis heute nicht verstanden, was an Dunkelhäutigen in schwarzen Burkas mit dunkler “Kultur“ BUNT sein soll... #Islamisierung",1,de,"I still haven't understood what dark-skinned people in black burqas with dark ""culture"" are supposed to be COLORFUL ... #Islamization  "
84,84,181,"Alle #Fluechtlinge nach #GG illegal!Nach Art. 16a nur #Asylanten #EU + sichere Drittstaaten. #NaherOsten, #Afrika = nicht",0,de,"All # refugees illegal under #GG! According to Art. 16a only # asylum seekers #EU + safe third countries. #Middle East, #Africa = not  "
85,85,167,Stellt Lügenpresse eigentl schon Überlegungen in München an zur Nacktbadesaison an der Isar und Flüchtlinge Primaten? HAHAHAHA #rapefugees,1,de,Is Lügenpresse already considering Munich's nude bathing season on the Isar and refugees primates? HAHAHAHA #rapefugees  
86,86,285,#hoaxmap sollte lieber den #Opfern und #Frauen von #Vergewaltigungen durch #Flüchtlingen und #Asylanten helfen. Opferschutz ;),0,de,#hoaxmap should rather help the #victims and #women of #rape by # refugees and #asylum seekers. Victim protection;)  
87,87,151,#annewill #Islamisierung ist gar nicht so schlimm. Habe gerade #Unterwerfung gelesen ;-),0,de,#annewill #Islamization is not that bad. I just read #submission ;-)  
88,88,94,"Meinen manche Kandidaten eigentlich, mit Hashtags wie #Rapefugees oder #Krimigranten würden sie sich glaubwürdiger und/oder seriöser machen?",0,de,Do some candidates actually think that using hashtags like #Rapefugees or #Crimigrants would make them more credible and / or more serious?  
89,89,112,#Griechenland will Milliarden für #asylanten um griechische Rentner zu bezahlen! die griechische marine soll Migranten in die türkei bringen,0,de,
90,90,70,Frankreich sagt sie werden nur 30T #asylanten aufnehmen..und wir haben seit Jahresbeginn schon 100T aufgenommen. #Merkel verpiss dich!!,0,de,France says they will only take 30T # asylum seekers .. and we have already taken 100T since the beginning of the year. #Merkel piss off !!  
91,91,249,EU stellt 16 300Mio für #Invasoren bereit! Wer wird das wohl bezahlen? #Refugeesnotwelcome #Fluechtlinge #Pegida #AfD #CDU #Merkelmussweg,0,de,EU provides 16 300million for #invasors! Who will pay for that? #Refugeesnotwelcome #Refugees #Pegida #AfD #CDU #Merkelmussweg  
92,92,308,"Wir müssen die Fluchtursachen bekämpfen"""" RICHTIG!  Dampft endlich die opulenten Leistungen für nicht anerkannte #Asylanten ein!",0,de,"We have to fight the causes of flight """" RIGHT! Finally, evaporate the opulent services for unrecognized #asylum seekers!  "
93,93,363,Die Regierung hat nichts im Griff. Das gibt hoffentlich ein Denkzettel bei den nächsten Wahlen! #refugees #refugeesNOTwelcome #abmerkeln,0,de,The government has nothing under control. Hopefully this will give you a memo for the next elections! #refugees #refugeesNOTwelcome #notice  
94,94,206,"im Mittelmeer die Flüchtlingsboote an den Haken und wieder zurückschleppen, zerstören und gut ist. Dann kommt da keiner mehr #Asylanten",0,de,"in the Mediterranean, the refugee boats on the hook and drag back, destroy and is good. Then there will be no more asylum seekers  "
95,95,327,"Bestätigte Sexualdelikte von #rapefugees sind viel zu brisant siehe Vergewaltigungsrate Schweden,deswegen lieber #hoax für Honks! #abmerkeln",1,de,"Confirmed sex offenses by #rapefugees are much too explosive, see rape rate Sweden, so prefer #hoax for honks! #abmerkeln  "
96,96,71,Warum spendet #hoaxmap die #Werbeeinnahmen nicht den #Opferfamilien die durch #Vergewaltigung von #Flüchtlinge und #Asylanten passiert sind,0,de,Why doesn't #hoaxmap donate the #advertising income to the #victim families that have happened through #rape of # refugees and #asylum seekers  
97,97,355,"Die Geschichte wird Merkel recht geben"""" - falsch - Die Geschichte wird über Merkel richten! #abferkeln #refugeesnotwelcome",0,de,"History will agree with Merkel """" - wrong - History will judge Merkel! #farrowing #refugeesnotwelcome  "
98,98,179,"die laufende #islamisierung deutschlands und europas macht deutlich, wie viel wir an deutschland und europa wirklich hatten.",0,de,The ongoing #Islamization of Germany and Europe shows how much we really had in Germany and Europe.  
99,99,143,"#sterntv zeigt die Realität der Rente. Manche #Asylanten lehnen Arbeit ab, weil sie keine 4000€ netto verdienen wie versprochen.",0,de,"#sterntv shows the reality of the pension. Some #asylum seekers refuse to work because they do not earn € 4,000 net as promised.  "
100,100,34,"#Asylanten Man kann NICHT einf 2 VERSCHIEDENE Menschen bzw Völker/Kulturen""""zusammenleg"""" + sagen nun seit ma glückl miteinander+versteht euch",0,de,"#Asylum seekers You can NOT simply 2 DIFFERENT people or peoples / cultures """" merge """" + have been saying good luck with each other + understand you  "
101,101,333,"liebe Frau #Merkel, die Aufforderung #Asylanten unbegrenzt aufnehmen zu wollen wird sich im laufe der Zeit rächen......nee nicht mit mir",0,de,"dear Mrs. #Merkel, the request to accept asylum seekers indefinitely will take revenge in the course of time ...... not with me  "
102,102,183,#Merkel und co erwarten 500000 #Flüchtlinge in 2016! 2015 am Anfang waren es 250000! Die #V4 werden IHR Druck machen.  #Islamisierung NEIN,0,de,"#Merkel and co expect 500,000 # refugees in 2016! In the beginning in 2015 there were 250,000! The # V4 will put YOU under pressure. #Islamization NO  "
103,103,331,"Wer mit dem Begriff #rapefugees Hetze gleichsetzt,will einfach nur Realität verdrängen oder bewusst totschweigen! #SolidaritätmitKolja",1,de,Those who equate the term #rapefugees baiting simply want to repress reality or deliberately keep silent! # SolidaritätmitKolja  
104,104,163,"Flüchten, wo andere Urlaub machen. #Idomeni #refugeesnotwelcome",0,de,Escape where others go on vacation. #Idomeni #refugeesnotwelcome  
105,105,238,#cdu hat die deutschen schon aufgegeben. jetzt geht es darum den #asylanten möglichst schnell das Wahlrecht zu übertragen. genug #refugees,0,de,#cdu has already given up on the Germans. Now it is a matter of transferring the right to vote as quickly as possible to the #asylum seekers. enough #refugees  
106,106,359,schweizer firmenchefin verlangt das man #asylanten einstellt.   klar auf 1 schweizer mit 4000 CHF lohn kann man 4 asylanten für 1k anstellen,0,de,Swiss company boss demands that you hire # asylum seekers. clearly on 1 swiss with 4000 CHF wages you can hire 4 asylum seekers for 1k  
107,107,341,In Deutschland kostet die Betreuung eines unbegleiteten minderjährigen #Asylanten je nach Bundesland zwischen 40- 60.000€ im Jahr #ltwbw16,0,de,"In Germany, looking after an unaccompanied minor #asylum seeker costs between € 40-60,000 a year # ltwbw16, depending on the state  "
108,108,55,"#maischberger Laschet:Pegida gibts im Westen nicht.Leute trauen sich nicht mitzulaufen wegen Ächtung,aber #islamisierung ist umso realer dor",0,de,"#maischberger Laschet: There is no Pegida in the west. People don't dare to run because of banishment, but #islamization is all the more real  "
109,109,272,JA zu asylobergrenze ! #Asylpolitik #Asylanten,0,de,
110,110,66,"In Deutschlandradio Kultur erfahren wir gerade, dass der Islam gg dem Christentum die frauenfreundlichere Relion ist. #Islamisierung #PEGIDA",0,de,
111,111,241,"geplatzte #Träume sind immer noch besser, als ein geplatztes #Kondom. #Asylanten",0,de,Broken # dreams are still better than a burst # condom. #Asylanten  
112,112,86,"#Asyl-Befürworter, die nie einen #Asylanten bei sich zuhause aufgenommen habenkann ich nicht ernst nehmen.",0,de,# I cannot take asylum advocates who have never taken in an #asylum seeker at home seriously.  
113,113,314,"dt. Umfrage machen und fragen,was #Pegida heißt.Wie wissen, was es und gegen #Islamisierung heißt? Deutsche aufwachen!",0,de,Do a survey and ask what #Pegida means. How do you know what it means and against #Islamization? Germans wake up!  
114,114,351,Es gibt keine Alternative zur #AfD. Die #AfD ist die einzige Alternative! #Fluechtlinge #koelnhbf #Islamisierung,0,de,There is no alternative to #AfD. The #AfD is the only alternative! # Refugees # Koelnhbf #Islamization  
115,115,307,#fakt #ard. 90 jähriger wird Taxifahrt verweigert. #asylanten werden egal wie weit kutschiert! ich hasse #merkel mittlerweile!,0,de,#fact #ard. 90 years old is denied taxi ride. #Asylum seekers will be pushed no matter how far! I hate #merkel now!  
116,116,102,"Sie traut sich nicht zu sagen was wirklich läuft, da muss man nur mal Samstag früh im Pott zur Arbeit fahren #Asylanten #Domian",0,de,"She doesn't dare to say what's really going on, you just have to drive to work in the pot on Saturday morning #Asylum seekers #Domian  "
117,117,9,Im Februar 2016 kamen nach neusten Angaben in der #ARD Tagesschau trotz Grenzkontrollen auf Balkanroute 39000 #Asylanten nach #Deutschland,0,de,"In February 2016, according to the latest information in the #ARD Tagesschau, despite border controls on the Balkan route, 39,000 #asylum seekers came to #Germany  "
118,118,350,#SternTV 24.02.16 soeben sofort weggezappt! Lügensendung hoch 10! #Sachsen wissen was sie tun! #refugeesnotwelcome,0,de,#SternTV 24.02.16 just zapped away! Lies broadcast high 10! #Saxons know what they're doing! #refugeesnotwelcome  
119,119,193,#Silvesternacht in #NRW. Erste Verurteilung! 6 Monate auf Bewährung für bereits vorbestraften #Asylanten. Wenn das kein gutes Zeichen ist.,0,de,# New Year's Eve in #NRW. First conviction! 6 months probation for previously convicted #asylum seekers. If that's not a good sign.  
120,120,29,"das was im SWR Radio momentan an Werbung pro #Asylanten gemacht wird, ist so penetrant wie Phase der Weihnachtssongs & Fastnachts-Seeligkeit",0,de,what is currently being done on SWR radio for pro # asylum seekers is as penetrating as the phase of the Christmas songs & carnival bliss  
121,121,47,"#merkel rechnet mit 3,6 Mio neuen #asylanten in D bis 2020! zum vergleich: Schätzung 2015 war 500.000, gekommen sind >1,1 Mio. dank #cdu",0,de,"#merkel expects 3.6 million new #asylum seekers in Germany by 2020! for comparison: 2015 estimate was 500,000, came> 1.1 million thanks to #cdu  "
122,122,252,"Nein zu #Multikulti, nein zur #Islamisierung, nein zu #Merkel #Vertrauensfrage",0,de,"No to #multi-culture, no to #Islamization, no to #Merkel #trust question  "
123,123,140,1000 Straftaten gegen #Asylanten 2015 in Deutschland.1000 Straftaten von #Asylanten in einer Nacht in #Koeln.,0,de,1000 crimes against #asylum seekers in 2015 in Germany.1000 crimes by #asylum seekers in one night in #Koeln.  
124,124,332,"#Clausnitz erinnert immer mehr an #Handgranate u #Lageso-Toten.#Asylanten provozieren,niemand kommt zu Schaden, #besorgteGutmenschen heulen",0,de,"#Clausnitz reminds more and more of #hand grenades and # Lageso dead. # Provoke asylum seekers, nobody is harmed, # concerned people howl  "
125,125,295,"Familie, Freunde & Bekannte dazu bewegen bei den kommenden Wahlen National zu wählen! #Merkelmussweg #Parteienblockmussweg#Islamisierung",0,de,"Get family, friends & acquaintances to vote nationally in the upcoming elections! #Merkelmussweg # Partiesblockmussweg # Islamization  "
126,126,300,"#rapefugees #refugeeswelcome Bürger bewaffnet euch, die Fachkräfte tun das auch. Und die zögern nicht, diese einzusetzen. Better he than me",1,de,"#rapefugees #refugeeswelcome Citizens arm you, the specialists do the same. And they don't hesitate to use them. Better he than me  "
127,127,242,Wieso nehmen nicht #Bergdörfer die #Asylanten und #Flüchtlinge  auf ? so wären die Schulen im #Dorf gesichert. #Bundesasylzentrum #Wallis,0,de,Why don't # mountain villages accept the # asylum seekers and # refugees? this would secure the schools in the #dorf. # Federal Asylum Center #Wallis  
128,128,68,Jetzt warte ich auf den #Brennpunkt der #ARD +ein #ZDFspezial zum Thema #Handgranate  mit #Maas  + #Kretschmann #Asylanten,0,de,Now I'm waiting for the #Focal point of the #ARD + a #ZDFspecialty on the topic #Hand grenade with #Maas + #Kretschmann #Asylum seekers 
129,129,357,#Sexuallkunde für #Flüchtlinge und #Migranten ... #Mama #Merkel bringt #Asylanten das ficken bei ... #Vergewaltigungen funktionieren bereits,1,de,#Sexual knowledge for # refugees and #migrants ... #Mama #Merkel teaches #Asylum seekers to fuck at ... #Rapes already work  
130,130,239,"Die #Asylanten werden sich in #Deutschland festsetzen,und höchstens zu Besuch zu #Verwandten fahren.Ich fordere eine #RückkehrPflicht. #afd",0,de,"The #asylum seekers will settle in #Germany, and will only visit #relatives to visit.I call for a #duty to return. #afd  "
131,131,164,"Schade, dass heute nicht Wahl ist, sonst würde ich nämluch direkt die AfD wählen. #RefugeesNotWelcome #Widerstand",0,de,"Too bad that today is not an option, otherwise I would choose the AfD directly. #RefugeesNotWelcome #Resistance  "
132,132,136,"Ich ziehe #Revolution dem #Krieg vor, zumindest nehmen an der Revolution nur die teil, die wollen. (Marcel Proust) #wehrdich #ia #stehauf",0,de,"I prefer #Revolution to #War, at least only those who want to participate in the revolution. (Marcel Proust) #wehrdich #ia #stehauf  "
133,133,218,#rapefugees in der Siedlung? #hartzundherzlich,1,de,#rapefugees in the settlement? #hartzundherzlich  
134,134,323,"Wer Millionen #asylanten will,wählt links. wer nicht #afd. und #cdu? hm,kann man Millionen #asylanten gleichzeitig wollen und nicht wollen?",0,de,"If you want millions of asylum seekers, choose on the left. who is not #afd. and #cdu? hm, can you want and not want millions of asylum seekers at the same time?  "
135,135,358,"Zwei Dutzend Männer"""" eine übliche Anzahl für muslimische rape gangs über ungläubige Schlampen herzufallen.#rapejihad #rotherham #rapefugees",1,de,"Two dozen men """" a common number for Muslim rape gangs to attack infidel sluts. # Rapejihad #rotherham #rapefugees  "
136,136,256,Wie viele #Gebetsräume für #Christen wurden von #Islam-#Fanatiker bis jetzt in #Deutschland zerstört? #Trümmerfrau #Asylanten #Bürgerwehr,0,de,How many # prayer rooms for #Christs have been destroyed by # Islam- # fanatics in #Germany so far? # Rubble woman #Asylum seekers # Vigilante  
137,137,168,Frauen die sich nicht freiwillig von Flüchtlingen ficken lassen sind sind ein Verstoß gegen die Menschenwürde. #Hungerstreik #Rapefugees,1,de,Women who are not voluntarily fucked by refugees are a violation of human dignity. #Hunger strike #Rapefugees  
138,138,215,Man wünscht sich eine schlagkräftige Bürgerwehr für #Sophienhof. Politik versagt auf ganzer Linie. #rapefugees #abmerkeln,0,de,You want a powerful vigilante for #Sophienhof. Politics fail all along the line. #rapefugees #notice  
139,139,116,Im #Freilichtmuseum #Hessenpark mit #Asylanten NEIN DANKE #Armlaenge,0,de,At the #Freilichtmuseum #Hessenpark with #Asylanten NO THANKS #Armlaenge  
140,140,162,#rapefugees wieder in Köln aktiv. Übergriffe im Schwimmbad in Zündorf. Der Sommer kann kommen #koelnhbf #nolegida,0,de,
141,141,101,"Mir hat vorhin jemand erzählt, dass die #Handgranate evtl. von den #Asylanten selber kam ? Weiß da jemand was ?",0,de,Someone told me earlier that the #hand grenade may have come from the #asylum seekers themselves? Does anyone know what?  
142,142,108,"#hartaberfair Schwahn:.Das Problem ist aber nicht nur das fehlende Geld,sondern die Angst vor einer #islamisierung in allen Ländern der EU.",0,de,"#hartaberfair Schwahn: .The problem is not only the lack of money, but the fear of #islamization in all EU countries.  "
143,143,89,"Ja die Realität ist wirklich unbequem, man sollte sie ignorieren.  #Islam #Scharia #Salafismus #Multikulti",0,de,"Reality is really uncomfortable, you should ignore it. #Islam #Shariah #Salafism #Multi-culture  "
144,144,114,"#Merkel will, dass die von ihr hergeholten Kulturbereicherer CDU wählen. Aber was, wenn die ihre eigene #Scharia-Partei gründen? #abmerkeln",0,de,
145,145,255,Die Geschichte wird das Merkel-Regime als genauso zerstörerisch für Europa bewerten wie das NS-Regime #abmerkeln #islamisierung,0,de,History will rate the Merkel regime as just as destructive to Europe as the Nazi regime #aberkeln #islamisierung  
146,146,236,make rape legal soll uns wohl schon athmosphärisch vorbereiten auf Vergewaltigungswelle musl. #rapefugees.In gesamter EU tgl. zu notieren!,1,de,make rape legal is supposed to prepare us for the rape wave musl. # rapefugees. To be noted throughout the EU daily!  
147,147,186,"Deutschland den Deutschen.  """"#Flüchtlinge"""" #Illegale #Überfremdung #Islamisierung #Antigermanismus #Widerstand #abmerkeln #REMIGRATION!",0,de,"Germany for the Germans. """" # Refugees """" # Illegal # alienation #Islamization #Antigermanism #Resistance #notice #REMIGRATION!  "
148,148,271,Wir brauchen dringend Wahlbeobachter!    #ltwrlp #ltwrp #ltwbw #merkel #afd #cdu #csu #spd #malu2016 #laschet #rapefugees #krimigranten,0,de,We urgently need election observers! #ltwrlp #ltwrp #ltwbw #merkel #afd #cdu #csu #spd # malu2016 #laschet #rapefugees #krimigranten  
149,149,90,"Wenn nicht aus Überzeugung,dann aus Notwehr: AFD wählen bei Landtagswahlen, D sonst kaputt #abmaasen #regsprecher #krimigranten #rapefugees",0,de,"If not out of conviction, then out of self-defense: AFD vote in state elections, D otherwise broken #massing #reviewer #criminal migrants #rapefugees  "
150,150,124,Räumung in Calais! Super! #refugeesnotwelcome,0,de,Clearance in Calais! Excellent! #refugeesnotwelcome  
151,151,251,"Übrigens, so wie ich die Dinge sehe, ist die Einführung der #Scharia in #Deutschland eigentlich nur noch eine Frage der Zeit ...#Flüchtlinge",0,de,
152,152,354,"Altparteien kommt Sturm an #Rosenmontag wie gerufen. Lässt sich gut als Vorwand verkaufen, da es sonst weitere  #Rapefugees Fälle gäbe. #AfD",0,de,"Old parties storm comes on #Rosenmontag as called. Can be sold as a pretext, otherwise there would be other #Rapefugees cases. #AfD  "
153,153,69,"Liebe Gutmenschen,eure Einzelfall Asylanten werden immer mehr.#kiel #sophienhof  Da sieht man was schlummert in den armen #Asylanten.#afd",0,de,"Dear good people, your individual cases of asylum seekers are increasing. # Kiel #sophienhof You can see something slumbering in the poor # asylum seekers. # Afd  "
154,154,317,"Die Nato, das Militärbündnis, prüft einen Einsatz gegen SCHLEPPER. #Flüchtlinge #Rapefugees #Einzelfall #Krimigranten #whitegenocide",0,de,"NATO, the military alliance, is examining an operation against SCHLEPPER. # Refugees #Rapefugees #Individual #criminal migrants #whitegenocide  "
155,155,118,#Cameron #bringt #viel mit nach #Großbritannien und #Merkel? Nichts #außer #Asylanten #Chaos #Regierung,0,de,#Cameron # brings # a lot to # Great Britain and #Merkel? Nothing # except # asylum seekers #Chaos #government  
156,156,26,"Was nützt mir der Erde Geld? Kein kranker Mensch genießt die Welt!"""" - Goethe #Deutschland #HartzIV #merkel #fluechtlinge #asylanten",0,de,"What use is money to the earth? No sick person enjoys the world! """" - Goethe #Germany #HartzIV #merkel #fluechtlinge #asylanten  "
157,157,52,"Wieso haben diese Gutmenschen, Vegetarier, Veganer und Tierschützer eigentlich nichts gegen """"Halal""""-Schlachtung?  #asylanten #flüchtlinge",0,de,"Why do these good people, vegetarians, vegans and animal rights activists actually have nothing against """" Halal """" slaughter? # asylum seekers # refugees  "
158,158,299,"Schande für Deutschland, dass es das Hashtag #Rapefugees gibt während es auch noch Make Rape Legal gibt! #AllHumansMatter! #AllBeingsMatter!",0,de,Shame for Germany that there is the hashtag #Rapefugees while there is also Make Rape Legal! #AllHumansMatter! #AllBeingsMatter!  
159,159,161,"Wird #sophienhof wieder zensiert aus den twitter trends? Bloß wieder nicht ansprechen,was für ein scheiß Problem auf uns zukommt #rapefugees",0,de,"Will #sophienhof be censored again from the twitter trends? Again, don't talk about what a shitty problem we are facing #rapefugees  "
160,160,125,#Leyen erklärt:#Deutschland wird #Fluechtlinge / #Asylanten zu Soldaten ausbilden um die Situation in #Syrien nach dem #Krieg zu sichern,0,de,#Leyen explains: #Germany will train # refugees / # asylum seekers to be soldiers to secure the situation in #Syria after the #war  
161,161,344,#Merkel hat keinen Plan B sagt sie bei #annewill. Vielleicht wäre Plan B endlich mal Realpolitik in Fragen #Asylanten #Flüchtlinge zu machen,0,de,#Merkel has no plan B says on #annewill. Maybe Plan B would finally be able to make realpolitik in questions #Asylanten # refugees  
162,162,229,#Flüchtlinge und #Asylanten bzw. #Migranten sind #perverse kleine #Kinderficker.,1,de,# Refugees and # asylum seekers and #migrants are #perverse little #children fucks.  
163,163,83,Deutsche Frauen an #rapefugees opfern. #wasistlinks,1,de,Sacrifice German women to #rapefugees. #wasistlinks  
164,164,85,"was tun gegen #clausnitz? keine neuen #asylanten, Kampf gegen asylmafia, #merkel vor Gericht stellen,  #cdu abwählen überall!",0,de,"what to do against #clausnitz? no new #asylum seekers, fight against asylum mafia, #merchels on trial, #cdu deselect everywhere!  "
165,165,142,"Ich dachte, dass #Asylbewerber in Deutschland alle #Kriegsflüchtlinge sind. Jeden Tag stehen #Algerier, Marokkaner und Afghanen.. #Asylanten",0,de,"I thought that # asylum seekers in Germany are all # war refugees. Every day there are # Algerians, Moroccans and Afghans .. # Asylum seekers  "
166,166,33,#fakt auf #ard: #asylanten fahren mit Taxi herum auf Steuerzahlerkosten. mehrere 100€. #merkel macht es möglich! unglaublich!,0,de,#fact on #ard: # asylum seekers taxi around at taxpayer costs. several 100 €. #merkel makes it possible! incredible!  
167,167,88,"Gegen #Multikulti hab ich eigentlich nichts, gegen #Islamisierung schon.",0,de,"I actually have nothing against #multi-culture, but against #Islamization.  "
168,168,35,#idomeni #Asylanten #Fluechtlinge  Schöne Vorstellung für die Kameras. Blanke Gewalt. Merkel drückt daheim Krokodilstränen ins Kissen. ??,0,de,#idomeni #Asylum seekers # Refugees Nice idea for the cameras. Sheer violence. Merkel presses crocodile tears into the pillow at home. ??  
169,169,133,Betreuung für alle - Der Rechtsanspruch auf einen #Kitaplatz gilt auch für #Flüchtlingskinder #Fluechtlingskrise #asylanten #fluechtlinge,0,de,Care for everyone - The legal right to a #Kitaplatz also applies to # refugee children # refugee crisis # asylum seekers # refugees  
170,170,286,"Frauen u Christen bekommen Extraunterkünfte, um sie vor den #Asylanten zu schützen.U wer schützt die Deutschen wenn die rausgekommen?",1,de,Women and Christians are given extra accommodation to protect them from the #asylum seekers. Who protects the Germans when they come out?  
171,171,283,#Mindestlohn soll wegen #Asylanten teilweise ausgesetzt werden.  #Flüchtlinge,0,de,#Minimum wages should be partially suspended due to #asylum seekers. #Refugees  
172,172,287,"wie kann Menschen nur so doll hassen, dass man sie sterben sehen möchte? #asylanten #AfD #noafd #nonazis #sachsenanhalt #menschistmensch",0,de,how can people hate so much that you want to see them die? #asylanten #AfD #noafd #nonazis #sachsenanhalt #menschistmensch  
173,173,190,wir wissen daß über 50% der #asylanten ewige langzeitarbeitslose sind. warum sitzen diese nicht bei #illner & #will? das wäre repräsentativ!,0,de,we know that over 50% of the asylum seekers are long-term unemployed. why aren't they at #illner & #will? that would be representative!  
174,174,325,"Ab jetzt heißt es nicht mehr Leben, sondern Überleben!#Köln #Kiel #rapefugees",0,de,"From now on it's no longer about life, but survival! # Cologne #Kiel #rapefugees  "
175,175,240,"Man isst zu Abend= #eu Gipfel - Hast Du heute schon gnachtmahlt, #Angela ? #europa  #Flüchtlinge #fleuchtlingskrise #Asylanten",0,de,"You have dinner = #eu summit - Have you already had a meal today, #Angela? #europa # refugees # refugee crisis # asylum seekers  "
176,176,103,#merkel will 100.000e #asylanten nach spanien abschieben wo überall gespart wird & > 20% arbeitslos sind.das ist ihre Solidarität!heuchlerin,0,de,"#merkel wants to deport 100,000 asylum seekers to spain where savings are made &> 20% are unemployed, that's their solidarity!  "
177,177,212,"#illner: #cdu lebt im falschen Land scheint mir... 12,5 mio deutsche sind arm (2016). geld für #asylanten gibt's dicke.",0,de,#illner: #cdu lives in the wrong country seems to me ... 12.5 million Germans are poor (2016). There is a lot of money for #asylum seekers.  
178,178,157,"#merkel läßt deutschen steuerzahler bluten für Syrien, algerien, marokko, tunesien, etc. und bietet Mio #asylanten all incl. Grandios dumm",0,de,"#merkel makes German taxpayers bleed for Syria, Algeria, Morocco, Tunisia, etc. and offers millions of asylum seekers all inclusive. Grandiose stupid  "
179,179,353,#annewill Ja Kriminalität von #rapefugees wird natürlich mit einem Satz behandelt. Thema erledigt.Kriminalität ist ja auch nur explodiert!,0,de,"#annewill Yes, crime of #rapefugees is of course dealt with in one sentence. Topic done, crime just exploded!  "
180,180,182,"lieber #Horst #Seehofer, gibt es #Asylanten, die besser im #Tierasyl aufgehoben wären ? #sz #faz #zeit #nzz",1,de,"Dear #Horst #Seehofer, are there #asylum seekers who would be better off in the #tierasyl? #sz #faz #zeit #nzz  "
181,181,38,Wer hat uns verraten? Die Sozialdemokraten!   Werner Faymann ist derzeit eine Paradebeispiel dafür. #Kontingent #refugeesnotwelcome #traurig,0,de,Who betrayed us The Social Democrats! Werner Faymann is currently a prime example of this. #Quota #refugeesnotwelcome # sad  
182,182,31,"Erschreckend, daß es #Frauen sind, die 30 Jahre #Emanzipation zugunsten islamistischer #Vergewaltiger in die Tonne treten! #rapefugees #AfD",1,de,Terrifying that it is #women who step into the bin for 30 years #emancipation in favor of Islamist #rapists! #rapefugees #AfD  
183,183,74,"Geflüchtete aus den Ländern mit der totalitären Ideologie des #islam ,um hier #islamisierung der Gesellschaft anzuheizen #taqqiya #abmerkeln",0,de,Refugees from the countries with the totalitarian ideology of #islam to fuel #islamization of society #taqqiya #notice  
184,184,201,Die Regierung alimentiert Menschen aus aller Welt & fördert #Islamisierung unsrer Heimat...mit unsren Steuern! #Volksverräter abwählen! #AfD,1,de,The government supports people from all over the world & promotes #Islamization of our homeland ... with our taxes! # Deselect traitors! #AfD  
185,185,176,"Die Frage ist, warum sehen die Menschen in D die Millionen muslimischen #Migranten NICHT als Gefahr im Sinne einer #Islamisierung an.",0,de,"The question is, why do people in D NOT view the millions of Muslim #migrants as a danger in the sense of #Islamization.  "
186,186,174,Wo ist der #aufschrei #ausgruenden #Belästigung von #Flüchtlingsfrauen in #Flüchtlingsheimen?  Könnt wohl nur #koelnhbf u #Rapefugees?  :'-(,1,de,Where is the #outcry #ausgruenden # harassment of # refugee women in # refugee homes? Could only #koelnhbf u #Rapefugees? : '- (  
187,187,234,Sollen dt. Städte in die Topliste der gefährlichsten der Welt aufsteigen? Dann wählen Sie weiter die #Altparteien! #Rapefugees & IS danken,0,de,Should German cities rise to the top list of the most dangerous in the world? Then continue to choose the #old parties! Thank you #Rapefugees & IS  
188,188,340,Und ich garantiere man kann auf Dauer keine #Wohnortpflicht für #Asylanten in Deutschland vorschreiben.Völliger Unsinn und nur Kosmetik.#afd,0,de,And I guarantee that in the long run you cannot prescribe a #location obligation for #asylum seekers in Germany. Nonsense and only cosmetics. # Afd  
189,189,337,EU-Kommission wertet die #Asylanten-#Obergrenzen Österreichs als illegal. #SPÖ-#ÖVP-Bundesregierung ignoriert EU-Recht.  #Amtsmißbrauch?,0,de,EU Commission considers Austria's # asylum seekers' upper limits to be illegal. # SPÖ- # ÖVP federal government ignores EU law. # Abuse of power?  
190,190,137,"#srfarena #SVP Logik: #Minarette in der #Schweiz sind gefährlich, #Waffen für den #Scharia-Staat #Saudi-Arabien unbedenklich.",0,de,"#srfarena #SVP logic: #Minarettes in #Switzerland are dangerous, #weapons safe for the #Shariah state # Saudi Arabia.  "
191,191,77,Deutschland hat seine Staatlichkeit aufgegeben! Das GG ist aus den Fugen gehoben! Es herrscht der Irrsinn #islamisierung #CDU #hartaberfair,0,de,Germany has given up its statehood! The GG is out of joint! There is madness #islamization #CDU #hartaberfair  
192,192,45,#maischberger Liefers: Wir achten Frauen.... Für viele von den #rapefugees ist das wie ein Paradies hier.Lasche Strafen bei Vergewaltigungen,1,de,#maischberger Liefers: We respect women .... For many of the #rapefugees this is like a paradise here. Lax punishments for rapes  
193,193,305,#Kretschmann #Gruene #Maas #SPD  Pistorius #SPD Die eigenen Landsleute vorverurteilen +beschuldigen+jetzt schweigen #Handgranate #Asylanten,0,de,#Kretschmann #Gruene #Maas #SPD Pistorius #SPD Prejudge + accuse your own compatriots + keep silent now #hand grenade #asylum seekers  
194,194,92,"Was die allermeisten immer noch nicht begriffen haben: Der #Islam hat seine eigenen #Menschenrechte, #scharia-basiert. Ihr Deppen!",1,de,"What most people still don't understand: #Islam has its own #human rights, # sharia-based. You fools!  "
195,195,75,Deutschland will den Europäern eine #Islamisierung und #Zwangsmigration  aufzwingen.Das geht nicht!#AFD #hartaberfair,0,de,"Germany wants to impose #Islamization and #Migration on the Europeans, that is not possible! #AFD #hartaberfair  "
196,196,169,"Viele Menschen in #Europa fürchten eine #Islamisierung, berichtet #hartaberfair. #Migranten",0,de,"Many people in #Europe fear #Islamization, reports #hartaberfair. #Migranten  "
197,197,277,"Die """"gute"""" Fratze des Kapitalismus, jetzt bei #maischberger hat 600m² großes Mausoleum für sich gebaut. Warum nicht an #rapefugees schenken?",0,de,"The ""good"" face of capitalism, now at #maischberger, has built a 600 m² mausoleum for itself. Why not give to #rapefugees?  "
198,198,257,#heute-journal: UN ehrt #merkel für #asylpolitik. 1 Beitrag später: Suche nach kriminellen #asylanten. 107 Männer werden gesucht. Danke #cdu,0,de,# heute-journal: UN honors #merkel for #asylpolitik. 1 post later: Search for criminal #asylanten. 107 men are wanted. Thanks #cdu  
199,199,361,"Also ich finde, Europa ist sich einig wie noch nie:  #refugeesnotwelcome, eine tanzt dabei aus der Reihe und merkelt sich gerade ab.",0,de,"So I think Europe is more united than ever: #refugeesnotwelcome, one of them dances out of line and is just noticing.  "
200,200,223,#Asylanten sollen #arbeiten können.Die #Wirtschaft gibt #Knowhow und der #Staat bezahlt. Muss er sowieso....,0,de,# Asylum seekers should be able to work. The # economy gives # know-how and the # state pays. He has to anyway ...  
201,201,57,DANKE #Clausnitz FÜR EUREN #WIDERSTAND ! IHR SEID HELDEN! #SOS #rapefugees #koelnhbf #cologne #Islamisierung AUS WESTDEUTSCHLAND: DANKE!!!,1,de,THANKS #Clausnitz FOR YOUR #RESISTANCE! YOU ARE HEROES! #SOS #rapefugees #koelnhbf #cologne #Islamisierung FROM WEST GERMAN: THANKS !!!  
202,202,207,"Zäune sind unausweichlich,um #islamisierung mit anschl. #Jihadh wie bereits in Nigeria,Indien,Thailand,Israel,Frankr,Belgien,UK...zu stoppen",0,de,"Fences are inevitable to stop #Islamization with #Jihadh like already in Nigeria, India, Thailand, Israel, Frankr, Belgium, UK ...  "
203,203,243,"Wähler und Nichtwähler: Wir müssen uns wehren- wählt AFD,nicht aus Überzeugung, aber ausNotwehr  #rapefugees #madmerkel #annewill #lanz",0,de,"Voters and non-voters: We have to defend ourselves - choose AFD, not out of conviction, but out of emergency #rapefugees #madmerkel #annewill #lanz  "
204,204,298,"Islam Bank,Islam Partei.Ausbau islamischer Infrastruktur und unsere Politik Idioten reden immer noch von """"angeblicher"""" #Islamisierung",1,de,"Islam Bank, Islam Party. Expansion of Islamic infrastructure and our politics idiots are still talking about """" alleged """" #Islamization  "
205,205,40,Man stelle sich vor es käme zum Frieden und alle #Asylanten mit syrischen Pässen würden dorthin ausgeflogen.,0,de,Imagine peace and all #asylum seekers with Syrian passports would be flown there.  
206,206,132,#morgenmagazin läßt #asylanten auf berlinale israelfeindlichen Film anschauen und die finden das toll! einer davon lernt schreiben mit 30.,0,de,#morgenmagazin lets #asylanten watch Berlin anti-Israeli film and they love it! one of them learns to write at 30.  
207,207,42,"#maischberger Fratscher:Geld für Migranten als Investition.Bis dahin weiterhin #rapefugees , #Islamisierung und #IS Terroristen. #abmerkeln",1,de,"#maischberger Fratscher: Money for migrants as an investment. Until then, continue to use #rapefugees, #Islamisierung and #IS Terrorists. #abmerkeln  "
208,208,172,"Wer die #Islamisierung bestreitet, dem sei ein Trip in arabisch dominierte Viertel in London empfohlen. #hartaberfair",0,de,"If you contest the #Islamization, a trip to Arab-dominated neighborhoods in London is recommended. #hard but fair  "
209,209,262,"Frau #merkelmussweg Deutschland in der EU immer mehr isoliert,dank ihrer #Asylanten Politik,was machen sie,wenn der nächste Gipfel erfolglos",0,de,
210,210,296,"In #Tunesien warten hundertTausende #Asylanten zum übersetzen nach Italien,um von Sizilien nach #Mitteleuropa weiterzureisen.",0,de,"In #Tunisia, hundreds of thousands of #asylum seekers are waiting to be translated to Italy to travel from Sicily to #Middle Europe.  "
211,211,152,als asylant verkleidet an die fasnacht frauen begrabschen gehen. gesellschaftssatire pur! #fasnacht2016 #satire #asylanten,0,de,"Disguised as asylum seekers, go to the carnival women. pure social satire! # fasnacht2016 #satire #asylanten  "
212,212,335,****W I D E R S T A N D  G E G E N   I S L A M I S I E R U N G**** #Bautzen #Clausnitz #rapefugees #cologne #koelnhbf #Germany #NOISLAM #SOS,0,de,**** W I D E R S T A N D G E G E N I S L A M I S I E R U N G **** #Bautzen #Clausnitz #rapefugees #cologne #koelnhbf #Germany #NOISLAM #SOS  
213,213,297,Ich habe die Schnauze so voll von diesem #asylanten geschwafel. #gutmenschen #fresse,0,de,I'm so fed up with this #asylum babble. # Gutmenschen #fresse  
214,214,63,"Angst vor #Islamisierung? Die deutsche + europäische Geschichte, Tradition, Bräuche, Sprache leben, lehren und vermitteln! #hartaberfair",0,de,"Fear of #Islamization? German, European history, tradition, customs, language live, teach and convey! #hard but fair  "
215,215,109,"liebe #Gemeinden in #Bayern, wir legen #Asylanten #Obergrenzen fest und setzen sie #notfalls vor #Gericht durch ! #sz #faz #zeit #nzz",0,de,"Dear # communities in # Bavaria, we set # asylum seekers # caps and enforce them # if necessary before # court! #sz #faz #zeit #nzz  "
216,216,178,"Langsam nähern sich auch die #CDU/#SPD-nahen Wirtschaftsinstitute seriösen Prognosen an, wonach die #asylanten 50 Mrd. € pro Jahr kosten.",0,de,The # CDU / # SPD-related economic institutes are also slowly approaching serious forecasts that the #asylum seekers will cost € 50 billion a year.  
217,217,58,Wie bei #hartaberfair gesagt brechen 66% der #Asylanten die Ausbildung ab.#afd,0,de,"As said at #hartaberfair, 66% of the #asylum seekers drop out of training. # Afd  "
218,218,80,"Ungarn will Volksabstimmung durchführen, so macht man das! #refugeesnotwelcome",0,de,"Hungary wants to hold referendum, that's how it is done! #refugeesnotwelcome  "
219,219,41,"#JuliaKloeckner. wir von der #cdu schaffen es, weitere Millionen #asylanten nach D zu locken und die dumme Bevölkerung zu melken. wetten?",0,de,#JuliaKloeckner. We at #cdu manage to lure millions more #asylum seekers to D and milk the stupid population. bet?  
220,220,282,Täglich gibt es in #Deutschland #vergewaltigungen an Kindern von dreckigen #Flüchtlingen und #Asylanten. Eine Schande FUCK YOU #refugges,1,de,#Germany rapes children of dirty # refugees and # asylum seekers every day in #Germany. A shame FUCK YOU #refugges  
221,221,122,"Religion ist doof, aber wir haben Doofheitsfreiheit, wo ist das Problem mit der #Islamisierung #KatholischeMissionare #gnargh",0,de,"Religion is stupid, but we have freedom of stupidity, where's the problem with #Islamization #Catholic missionaries #gnargh  "
222,222,1,Wieso bekommen #rapefugees mehr als unsere Hartz 4 Enpfänger?  #esreicht,0,de,Why do #rapefugees get more than our Hartz 4 recipients? #it is enough  
223,223,217,Rettet die deutsche Frau vor dem Multikuliti Wahn #rapefugees,1,de,Save the German woman from the multikuliti craze #rapefugees  
224,224,127,"Bei allem,was """"Rechte"""" ausfressen ist die #AfD schuldSind #Groko u #Grüne dann net auch für die Verbrechen ihrer #Asylanten verantwortlich?",0,de,"With everything that eats """" rights """" is the #AfD to blame #Groko u #Green also responsible for the crimes of their #asylum seekers?  "
225,225,166,#annewill  Warum gibt es in Europa nicht einheitliche Standarts so das alle #Asylanten überall selbe Leistung bekommen? Zu einfach???,0,de,#annewill Why are there not uniform standards in Europe so that all #asylum seekers get the same performance everywhere? Too simple???  
226,226,303,"Raum der Stille"""" an der TU Dortmund zeigt im Kleinen auf, wie es in absehbarer Zukunft ganz Deutschland ergehen wird. #islamisierung",0,de,"Room of silence """" at the TU Dortmund shows in small detail how things will go for all of Germany in the foreseeable future. #islamisierung  "
227,227,180,"Wenn Leute, die Deutschland hassen immer mehr #Flüchtlinge dorthin holen wollen - sind das dann nicht #Asylanten-Hasser?",0,de,If people who hate Germany want to bring more and more # refugees there - aren't they # haters of asylum seekers?  
228,228,97,"Heimleiter von  #asylanten heim in Clausnitz entlassen, weil AFD Mitglied..soviel zu Demokratie Diskriminierung von höchster Stelle!!",0,de,Home manager of #asylanten Heim fired in Clausnitz because AFD member .. so much for democracy discrimination from the highest place !!  
229,229,50,Die Gedanken sind frei -NICHT mehr in #Europa #Deutschland #Sophienhof #Koelnbhf #Merkelmussweg #Islamisierung #Flüchtlingskrise,0,de,The thoughts are free -NOT more in #Europe #Germany #Sophienhof #Koelnbhf #Merkelmussweg #Islamization # Refugee crisis  
230,230,16,In diesem Moment wird die Ernst-Grube-Halle endlich geräumt #leipzig #npd #jn #Legida #RefugeesNotWelcome,0,de,At this moment the Ernst-Grube-Halle is finally cleared #leipzig #npd #jn #Legida #RefugeesNotWelcome  
231,231,261,"Hört auf damit widerliche Kommentare über #Flüchtlinge und #Asylanten zu machen, es reicht!",0,de,"Stop making disgusting comments about # refugees and # asylum seekers, it's enough!  "
232,232,197,Sich schützend vor deutsche Frauen stellen bei Belästigung durch #rapefugees. #wasistrechts,0,de,Protect yourself from German women when harassed by #rapefugees. #wasistrechts  
233,233,209,"Jetzt schwenkt der falsche Fünfziger Gabriel in die Richtung derer,die er damals als Pack bezeichnet hat! #Merkel  #Asylanten #maybritillner",0,de,Now the wrong fifties Gabriel turns in the direction of what he called the pack at the time! #Merkel #Asylanten #maybritillner  
234,234,153,"Wie jetzt,gemäßigte Opposition in #Syrien besteht auch aus #Fudamentalisten, die einen #Gottesstaat und die #Scharia wollen? #PestCholera",0,de,"As now, moderate opposition in #Syria also consists of #fundamentalists who want a #god state and #Shariah? #PestCholera  "
235,235,348,#Flüchtlinge #Asylanten #Stop #Köln #Vergewaltigungen #Aufschrei #Kriminalität #CDU #SPD #Merkel weg #Wahl #AfD #Grenzen zu #Lügenpresse,0,de,# Refugees #Asylum seekers #Stop # Cologne #rapes # outcry # crime #CDU #SPD #Merkel weg #choice #AfD #limits to # lie press  
236,236,275,Aber eine #Islamisierung findet nicht statt. #LT,0,de,But there is no #Islamization. #LT  
237,237,313,Visafreiheit mit #türkei bringt uns hunderttausende neue #asylanten.#erdogan zerbombt Kurdengebiete damit sie nach D fliehen.#merkel versagt,0,de,Visa-free travel with # turkey brings us hundreds of thousands of new # asylum seekers. # Erdogan bombs Kurdish areas so that they can flee to D. # merkel fails  
238,238,232,Der blanke politische Schwachsinn:  #Sturmwarnung | #Rosenmontag  #rapefugees | #Kriminalität | #AfD  Kapitulation im vollen Gange #CDU,0,de,The sheer political nonsense: #storm warning | #Rose Monday #rapefugees | # Crime | #AfD surrender in full swing #CDU  
239,239,184,Besser als Schreckschusswaffe gegen #rapefugees: Wasserspritzpistole gefüllt mit Schweineblut ^^,1,de,Better than a shotgun weapon against #rapefugees: water spray gun filled with pig blood ^^  
240,240,246,"Wer für #Täterschutz,#Islamisierung und Abschaffung #Deutschland(s) ist,wählt weiter #Grüne,#Linke,#SPD,#CDU. Wer das nicht will,wählt #AfD.",0,de,"Anyone who is in favor of # perpetrator protection, # Islamization and abolition #Germany (s) continues to vote #Green, #Left, #SPD, #CDU. If you don't want that, choose #AfD.  "
241,241,3,"#Asylanteninvasion Wenn es auf unseren Straßen zu Gewaltausbrüchen kommt - Die Verantwortlichen hierfür, sitzen in der Regierung / Merkel!",0,de,# Asylum seeker invasion When there are violent outbreaks on our streets - The people responsible for this are in the government / Merkel!  
242,242,156,#Asylantenheime #anzünden=#verbrecherisch -aber einziges Augenmerk auf #deutsche #Straftäter +nicht auch #Krimigranten #rapefugees =#nogo,0,de,# Asylum-seekers homes # set fire = # criminal - but only attention to #German # criminals + not also #criminals #rapefugees = # nogo  
243,243,24,Spahn von #cdu will Wegfall von Mindestlohn für #asylanten. klare schlechterstellunf von Einheimischen! Abwählen!,0,de,Spahn von #cdu wants to drop the minimum wage for #asylanten. clear disadvantage of locals! Deselect!  
244,244,91,"Bezeichnend:Musl.Verbände schließen sich der """"Allianz für Weltoffenheit"""" an.Hinterher,aber nur weil es ihnen hilft #islamisierung #abmerkeln",0,de,
245,245,196,Nordafrikanische Single Männer not Welcome #rapefugees,0,de,North African single men not welcome #rapefugees  
246,246,276,#Rosenmontag in Mainz und Nordafrikadüsseldorf abgesagt. Hat aber nichts mit #rapefugees zu tun.,1,de,#Rose Monday in Mainz and North Africa Düsseldorf canceled. But has nothing to do with #rapefugees.  
247,247,14,"laut #orban wird #merkel Europa mit neuen 500.000 #asylanten fluten zusätzlich zu den millionen, die sowieso kommen. Ende Gelände D",0,de,"According to #orban, #merkel Europa is flooding with new 500,000 #asylants in addition to the millions that are coming anyway. End of site D  "
248,248,150,#Bereicherung durch #Asylanten? #Sicherheitslage in #Deutschland katastrophal schlecht... #Asylchaos #abmerkeln,0,de,
249,249,264,"Bahnstrecke (S2) Erding->München wurde vorhin gesperrt, weil #Asylanten meinten, sie müssen die Gleise entlang nach München laufen.",0,de,Railway line (S2) Erding-> Munich was blocked earlier because # asylum seekers thought they had to walk along the tracks to Munich.  
250,250,110,Worauf warten #Flüchtlinge und #Asylanten eigendlich? #Griechenland = #Europa = also kein Kriegsland und damit Asyl in Griechenland.,0,de,What are # refugees and # asylum seekers waiting for? #Greece = #Europe = not a war country and therefore asylum in Greece.  
251,251,309,Woher kommen überhaupt die #Migranten in #Griechenland? Sicherlich sind sie keine #Syrer. Aus #Pakistan? oder #Indien? #Rapefugees #Paki,0,de,Where do the #migrants in #Greece come from? Surely they are not #Syrians. From #Pakistan? or #India? #Rapefugees #Paki  
252,252,328,"Immer sehr lustig, wenn #Pegida als #Fremdenfeindlich dargestellt wird ! Für alle #Linken Steinewerfer: Pegida ist gegen die #Islamisierung!",0,de,Always very funny when #Pegida is portrayed as #themophobic! For all #Left stone throwers: Pegida is against #Islamization!  
253,253,288,An der Grenze zu #Mazedonien versuchen tausende  #Asylanten mit Gewalt nach #Deutschland durchzubrechen fast nur noch Männer,0,de,"At the border to #Macedonia, thousands of #asylum seekers try to break through to #Germany almost only men  "
254,254,198,"Wer zahlt hier meinen Kindern, den kompletten Unterhalt beim Studium, so wie den #Asylanten? ICH!! #maischberger",0,de,
255,255,266,"Antisemitismus ist im gesamten arabischen Raum verbreitet, praktisch salonfähig.Warum wird sowas nicht thematisiert? #islamisierung #Asyl",0,de,
256,256,368,Zukünft. #CDU Wähler aus #MEA marodieren auf Merkels Wunsch mordend u vergewaltigend durchs Land aber eine #Islamisierung findet nicht statt,1,de,"Zukünft. #CDU voters from #MEA are marauding and raping through the country at Merkel's request, but #Islamization does not take place  "
257,257,250,"#RefugeesWelcome Brüllern ist tägliche #Kriminalität der """"#Flüchtlinge"""" wohl egal oder sie wollen es nicht wahrhaben. #AfD #Islamisierung",0,de,"#RefugeesWelcome Roarers don't care about #crime of """" # refugees """" or they don't want to admit it. #AfD #Islamization  "
